WBS	L1	L2	구분	기존WBS	작업	현재상태	실제구현내용	근거문서	시작일	완료일	비고	기존비고	기존완료여부
1	프로젝트 기반		L1		프로젝트 기반								
1.1	프로젝트 기반	프로젝트 환경/에셋	L2		프로젝트 환경/에셋								
1.1.1	프로젝트 기반	프로젝트 환경/에셋	기존	1.1.1	Unreal Engine 프로젝트 환경 설정 (버전 관리 및 플러그인 구성)	완료	언리얼 엔진 프로젝트를 만들고 버전 관리와 필요한 플러그인을 구성했다.	titan/README.md	2026-05-01	2026-05-31	날짜 근사(월 단위)		O
1.1.2	프로젝트 기반	프로젝트 환경/에셋	기존	1.1.6	외주 에셋 수용을 위한 폴더 구조 및 네이밍 컨벤션 확립	미착수	미착수. 쓰지 않는 리소스 정리와 폴더·이름 규칙 정비는 별도 작업으로 예정돼 있다.	CURRENT_STATE.md §11				사용안하는 리소스 제거등 정리 필요	X
1.1.3	프로젝트 기반	프로젝트 환경/에셋	기존	3.2.1	외주 병력/장비 모델링 임포트 및 마스터 머티리얼 적용	완료	외주로 받은 병력·장비 모델을 프로젝트에 가져오고 재질을 적용했다.	content_asset_inventory.md	2026-07-29	2026-07-29		이준석책임님	O
1.2	프로젝트 기반	레벨/지형	L2		레벨/지형								
1.2.1	프로젝트 기반	레벨/지형	기존	1.1.2	World Composition 기반 1km x 1km 지형 시스템 설계	완료(구현방식 확정)	상세설계서에 적힌 지형 구성 방식은 현재 엔진 버전에 없는 기능이라 그대로는 성립하지 않는다. 대신 단일 대형 레벨 하나로 구성하는 방식으로 확정했고, 지형은 실제 지형 데이터를 가져와 현실과 1:1 크기로 맞췄다.	level_new_kadex_0811/, guide/real2world.md	2026-05-01	2026-08-31	날짜 근사(월 단위)	이준석책임님	O
1.2.2	프로젝트 기반	레벨/지형	기존	1.1.3	구글어스 DTED 데이터 기반 지형 임포트 및 스케일 보정	완료	실제 지형 고도 데이터를 가져와 현실 크기에 맞게 보정했다.	guide/real2world.md	2026-05-01	2026-05-31	날짜 근사(월 단위)	이준석책임님	O
1.2.3	프로젝트 기반	레벨/지형	기존	1.1.4	위성지도 텍스처 타일링 로직 구현 (자동 매핑 머티리얼)	완료	위성 사진을 지형 표면에 자동으로 입히도록 했다.	guide/real2world.md	2026-05-01	2026-05-31	날짜 근사(월 단위)		O
1.2.4	프로젝트 기반	레벨/지형	기존	1.1.5	NavMesh 및 데이터 에셋(지형 속성 등) 레이어 분리	완료(구현방식 확정)	차량과 병사가 길을 찾는 데 쓰는 이동 가능 영역을 세 층으로 깔았다 — 나무를 장애물로 인식시키는 층, 도로를 선호하게 만드는 층, 적군만 쓰는 우회로 층.	vehicle/ugv/2026-08-27_new_kadex_0811_navmesh_autonomous_driving.md	2026-08-22	2026-08-27			?
1.2.5	프로젝트 기반	레벨/지형	기존	1.1.7	임시 에셋(박스/실린더)을 활용한 단위 거리 및 속도 테스트 환경 구축	완료	실제 모델이 들어오기 전에 거리·속도 감각을 확인할 수 있는 임시 테스트 환경을 만들었다.	-	2026-05-01	2026-05-31	날짜 근사(월 단위)		O
1.2.6	프로젝트 기반	레벨/지형	기존	1.1.9	Level Streaming 기초 로직 구성	폐기/불필요	불필요. 시연 범위가 단일 레벨이라 레벨을 나눠 읽어들일 이유가 없다.	-				아직은필요없음	O
1.2.7	프로젝트 기반	레벨/지형	기존	1.1.10	지형 충돌체(Collision) 및 물리 재질(Physical Material) 설정	완료	지형·바위·나무마다 재질을 지정해, 총알이 맞은 곳의 재질에 따라 다른 이펙트와 소리가 나오게 했다.	sfx_vfx/hit_effects_update_2026-08-26.md	2026-08-26	2026-08-26		필요하면추가	O
1.2.8	프로젝트 기반	레벨/지형	신규		신규 시연 레벨 구축 + 숲 성능 문제 해결 (2.3 → 31fps)	완료	시연용 신규 레벨을 새로 만들었다. 처음엔 숲을 정면으로 보면 초당 2~3프레임까지 떨어졌는데, 원인은 나무 수만 그루가 거리에 상관없이 매 프레임 바람에 흔들리는 계산을 하고 있던 것이었다. 멀리 있는 나무는 그 계산을 끄도록 바꿔 31프레임으로 회복했다.	level_new_kadex_0811/new_kadex_0811_forest_perf.md	2026-08-22	2026-08-22			
1.2.9	프로젝트 기반	레벨/지형	신규		AI 이동 지형 3층 구조 구축 (나무 충돌 / 도로 선호 / 적군 전용 통행 구역)	완료	나무에는 줄기 굵기만큼의 가상 장애물을 자동으로 깔아 차량이 나무를 피해 길을 찾게 하고, 도로에는 선호 가중치를, 적군에게는 전용 우회로를 줬다. 이 구조가 이후 차량 자율주행과 적군 분대별 도주 경로의 기반이 됐다.	vehicle/ugv/2026-08-27_new_kadex_0811_navmesh_autonomous_driving.md	2026-08-22	2026-08-27			
1.2.10	프로젝트 기반	레벨/지형	신규		나뭇잎이 시야를 가리게 만들기 (잎 투과율)	완료(구현방식 확정)	숲 속 적이 나뭇잎에 가려도 그대로 탐지되던 문제. 나뭇잎에는 충돌 판정이 없어 시선이 그냥 통과하고, 구역을 통째로 막는 기존 방식은 나무 사이로 보이는 자연스러움이 사라진다. 그래서 잎을 물리적으로 막는 대신 나무의 잎 덩어리를 부피로 등록해 두고, 시선이 그 부피를 지나간 길이만큼 '얼마나 흐리게 보이는가'를 계산한다 — 추가 계산 부담이 거의 없다. 병사는 흐린 대상을 즉시 보지 않고 '어른거림'을 누적해 알아채고, 차량 카메라는 조준은 그대로 하되(총알은 잎을 뚫는다) 탐지 신뢰도만 낮춘다. 효과가 가장 큰 것은 높은 위치의 카메라(드론·포탑)다. 지상 병사 눈높이는 잎 덩어리가 5~6m 위에서 시작해 대부분 그 아래로 지나가므로, 하층 식생 등록은 남은 과제다.	nanite/2026-09-28_forest_nanite_foliage_migration.md E절, level_new_kadex_0811/2026-09-01_foliage_occlusion_ideas.md	2026-09-28	2026-09-29	하층 식생(고사리) 미등록 · 병사 쪽 세부 튜닝 남음
1.2.11	프로젝트 기반	레벨/지형	신규		레벨 현실 1:1 재스케일 + 좌표 변환 재보정	완료	레벨이 실제 지형보다 26% 크게 지어져 있던 것을 현실과 1:1로 줄이고, 화면 좌표와 실제 위경도를 변환하는 기준점도 다시 잡았다. 검증 오차는 1cm 이내다. 다만 이 변경으로 거리 기준이 바뀌어 차량·드론 속도가 체감상 빨라졌으므로 시나리오 진행 타이밍 재확인이 필요하다.	level_new_kadex_0811/2026-08-26_level_rescale_to_real_world.md, guide/real2world.md	2026-08-26	2026-08-26	스케일 변경 뒤 시나리오 타이밍 재점검 미실시
1.2.12	프로젝트 기반	레벨/지형	신규		나나이트 도입 검토 + 대량 식생 성능 테스트	완료	숲의 성능 한계를 근본적으로 풀 수 있는지 보기 위해, 엔진의 신형 지오메트리 처리 방식(나나이트)을 켰을 때 이 프로젝트에 어떤 영향이 있는지 먼저 조사했다. 가장 큰 발견은 그림자 품질 설정이 그동안 실제로는 동작하지 않고 있었다는 것 — 그 기능이 나나이트를 전제로 하기 때문이다. 이어 별도 프로젝트에서 대량 배치 성능을 실측했다: 나무 10만 그루를 그려도 부담이 크지 않아 나무 개수는 더 이상 병목이 아니라는 결론을 얻었다. 단 나무를 하나씩 개별 배치하면 약 137그루에서 엔진이 죽으므로, 한꺼번에 뿌리는 방식이 선택이 아니라 필수라는 제약도 확인했다.	nanite/2026-09-28_nanite_deep_dive_project_impact.md, nanite/2026-09-28_megaplants_test_results.md, nanite/2026-09-28_megaplants_nanite_foliage_test_handoff.md	2026-09-28	2026-09-28
1.2.13	프로젝트 기반	레벨/지형	신규		숲을 나나이트 식생으로 전면 교체 + 바람 연동	진행중	시연 레벨의 나무 약 39,000그루를 신형 식생 에셋으로 전면 교체했다. 디자이너가 배치한 위치를 그대로 보존했고, 손으로 하나씩 놓았던 나무 216그루는 '표식을 놓으면 그 자리에 나무가 뿌려지는' 방식으로 바꿔 이제 이동·복제로 편집할 수 있다. 나무가 실제로 바람에 흔들리도록 기존 바람 시스템에 연결하고, 줄기 충돌 자동 생성 도구도 새 나무를 지원하게 고쳤다. 교체 과정에서 나온 문제 셋을 원인까지 찾아 해결했다 — 작은 고사리가 뿌리부터 휘지 않고 통째로 미끄러진 것, 나무가 한 그루씩 가끔 뚝 튀던 것(바람 플러그인이 풍향에 따라 회전 기준을 바꾸는 것이 원인이라 우리 쪽에서 나무 풍향만 고정), 드론이 나무 밑 낙하산을 못 잡던 것(잎 밀도가 과했다). 리눅스 패키징 전에 되돌려야 하는 설정이 하나 남아 있다.	nanite/2026-09-28_forest_nanite_foliage_migration.md	2026-09-28	2026-09-29	리눅스 패키징 전 폴백 메시 설정 되돌리기 필수 · 교체 후 프레임 수치 미기록 · 새 에셋 버전관리 등록 미완		
1.3	프로젝트 기반	입력/조이스틱	L2		입력/조이스틱								
1.3.1	프로젝트 기반	입력/조이스틱	기존	1.2.1	RAW Input/HID 기반 외부 조이스틱 연동 인터페이스 개발	완료(구현방식 확정)	조이스틱을 직접 다루는 대신 검증된 입력 플러그인을 쓰는 방식으로 확정했다. 그 플러그인이 원래 윈도우 전용이라 리눅스에서도 쓸 수 있게 손봤고, 그 과정에서 조이스틱 이름이 운영체제마다 다르게 보고된다는 것을 발견했다 — 한쪽 이름만 등록해 두면 다른 쪽에서 아무 반응 없이 조용히 실패한다. 이것이 '어떤 기종이든 현장에서 키를 직접 바꿀 수 있게' 만드는 설정 화면을 만든 직접적인 계기가 됐다.	ui/ingame_settings_input_system.md §0, guide/joystick_camera_control_dev_guide.md, protocol/selfdefense_rc_feature_gap_analysis.md §3	2026-07-08	2026-08-21		실제기기올려봐야됨	O
1.3.2	프로젝트 기반	입력/조이스틱	기존	1.2.2	조이스틱 축 데이터(Axis) ↔ 엔진 축 데이터 매핑 로직	완료	조이스틱의 물리적 축을 게임 내 조작 축에 대응시켰다.	guide/joystick_camera_control_dev_guide.md	2026-07-08	2026-07-08			O
1.3.3	프로젝트 기반	입력/조이스틱	기존	1.2.3	UAV용 4축 제어 커스텀 입력 컴포넌트 개발	완료	드론 조종용 4축 입력. 이후 자율비행도 사람과 똑같은 스틱 입력을 만들어 쓰는 구조로 통일했다.	vehicle/drone/drone_flight_dev_guide.md	2026-05-01	2026-08-31	날짜 근사(월 단위)		O
1.3.4	프로젝트 기반	입력/조이스틱	기존	1.2.5	RCWS Pan/Tilt 제어용 전용 입력 감도 곡선(Curve) 적용	완료	조준 장치가 급격히 튀지 않도록 조이스틱 입력에 감도 곡선을 적용했다. 실사용 피드백을 반영했다.	protocol/selfdefense_rc_feature_gap_analysis.md §3	2026-07-01	2026-07-31	날짜 근사(월 단위)	피드백받아봄	O
1.3.5	프로젝트 기반	입력/조이스틱	기존	1.2.6	버튼 입력을 통한 제어권 전환(UAV ↔ RCWS) 모드 천이 시스템	완료	조이스틱 버튼으로 드론 카메라와 차량 조준 장치 사이에서 조작 대상을 전환한다. 실측 확인 완료.	protocol/selfdefense_rc_feature_gap_analysis.md	2026-08-17	2026-08-17			O
1.3.6	프로젝트 기반	입력/조이스틱	기존	1.2.7	조이스틱 데드존(Deadzone) 및 선형 보정 알고리즘 적용	진행중	차량 조준 장치에는 아직 데드존이 없다. 드론 스틱에만 적용돼 있어, 조이스틱을 중립에 둬도 미세하게 흔들리는 기종에서는 조준이 조금씩 움직일 수 있다.	vehicle/drone/drone_flight_dev_guide.md(StickDeadzone), guide/joystick_camera_control_dev_guide.md	2026-05-01	2026-09-21	날짜 근사(월 단위); RCWS 데드존 미적용 — 2026-09-20 사용자 확인	확인필요	O
1.3.7	프로젝트 기반	입력/조이스틱	기존	1.2.8	키보드/마우스 디버깅용 입력 우회 로직 구현	완료	개발·디버깅용 키보드 입력. 이후 실행 파일에서 조작키를 직접 바꿀 수 있는 설정 화면으로 발전했다.	ui/ingame_settings_input_system.md	2026-08-21	2026-08-21			?
1.3.8	프로젝트 기반	입력/조이스틱	기존	1.2.9	조이스틱 입력 상태 시각화 디버그 UI 제작	완료	조이스틱 입력 상태를 화면에서 바로 확인할 수 있는 개발용 표시.	-	2026-05-01	2026-05-31	날짜 근사(월 단위)		O
1.3.9	프로젝트 기반	입력/조이스틱	기존	1.2.10	다중 컨트롤러(2대 이상) 연동 시 충돌 방지 로직	폐기/불필요	불필요. 화면 하나당 PC 한 대·조이스틱 한 대 구성이라 여러 컨트롤러가 충돌하는 상황이 생기지 않는다.	infra_architecture/architecture_decisions.md				필요없음	O
1.3.10	프로젝트 기반	입력/조이스틱	기존	3.4.3	조이스틱 입력 지연 최적화 및 안정화	완료	조작 입력이 화면에 반영되기까지의 지연을 줄이고 안정화했다.	-	2026-07-01	2026-07-31	날짜 근사(월 단위)		O
1.3.11	프로젝트 기반	입력/조이스틱	신규		조이스틱 리눅스 지원	완료	조이스틱 입력 플러그인이 윈도우 전용으로 묶여 있어 리눅스 빌드에서는 조이스틱을 쓸 수 없던 것을 해결했다. 납품물이 리눅스 패키지이므로 필수 작업이었다.	ui/ingame_settings_input_system.md §0	2026-08-21	2026-08-21			
2	차량		L1		차량								
2.1	차량	UGV 차량/물리	L2		UGV 차량/물리								
2.1.1	차량	UGV 차량/물리	기존	2.2.3	UGV 동역학 파라미터(최대 속도/회전 반경) 적용	완료(구현방식 확정)	차량 물리는 엔진의 차량 시스템을 쓴다. 9월에 차량 자체가 궤도 16륜에서 디자인팀 신규 6륜 모델로 교체돼 주행 값을 전부 다시 잡았고, 이후 승차감 기준으로 서스펜션을 재조정했다. 외부 물리 엔진을 쓰려던 병행 시도는 중단 상태다.	vehicle/ugv/2026-09-02_ugv_0901_new_model_rig.md, vehicle/ugv/2026-09-10_ugv_0901_suspension_tuning.md, vehicle/ugv/2026-09-16_ugv_chaos_brake_proportional_and_brake_steer.md, genesis/2026-08-12_genesis_ugv_conversion.md	2026-09-02	2026-09-16		카오스비히클로 동작, 제네시스 추가예정	O
2.1.2	차량	UGV 차량/물리	기존	2.2.6	지형 고도 기반 UGV 위치 및 회전값(Pitch/Roll) 보정 로직	폐기/불필요	불필요. 요구사항에 없고, 엔진 서스펜션이 지형에 따른 차체 자세 변화를 물리로 처리하므로 별도 보정이 필요 없다.	vehicle/ugv/2026-09-02_ugv_0901_new_model_rig.md				스태빌라이저 요구사항에 없음	O
2.1.3	차량	UGV 차량/물리	신규		Genesis 외부 물리 서버 연동 (병행 트랙)	보류(일시중단)	차량을 외부 물리 엔진으로 구동해 보려던 병행 시도. 별도 프로젝트 사본에서 진행했고 8월 이후 작업이 없다. 폐기는 아니다.	genesis/2026-08-12_genesis_ugv_conversion.md	2026-08-12	2026-08-12			
2.1.4	차량	UGV 차량/물리	신규		UGV 차량 교체 — 궤도 16륜 → 디자인팀 신규 6×6 차륜 모델	완료	디자인팀이 만든 신규 6륜 차량 모델로 교체했다. 모델 리깅부터 재질·주행 값까지 새로 맞췄고, 궤도가 없어지면서 궤도 관련 시각 요소와 총열 회전은 제거했다. 좌우 바퀴 속도 차로 도는 기존 조향 방식은 바퀴 개수와 무관해 그대로 재사용했다.	vehicle/ugv/2026-09-02_ugv_0901_new_model_rig.md	2026-09-02	2026-09-02			
2.1.5	차량	UGV 차량/물리	신규		UGV 제어 로직 코드 이관 및 정리	완료	차량에 쌓여 있던 제어 로직을 코드로 옮기고 쓰이지 않는 부분을 전면 정리했다. 차량 설정 파일이 1.1MB에서 67KB로 줄었고 설정값만 담는 형태가 되어 이후 수정과 협업이 쉬워졌다.	vehicle/ugv/2026-09-03_ugv_0901_bp_to_cpp.md	2026-09-03	2026-09-03			
2.1.6	차량	UGV 차량/물리	신규		서스펜션 승차감 재튜닝 + 엔진 서스펜션 동작 구조 규명	완료	차량이 돌을 넘을 때 충격이 너무 날카로워 승차감 기준으로 서스펜션을 다시 잡았다. 그 과정에서 엔진이 제공하지만 실제로는 동작하지 않는 설정값 두 개를 확인했고, 그 결과 이 차량에는 좌우 기울기를 잡아주는 장치가 사실상 없다는 것이 드러났다(별도 과제).	vehicle/ugv/2026-09-10_ugv_0901_suspension_tuning.md	2026-09-10	2026-09-10			
2.2	차량	UGV 자율주행	L2		UGV 자율주행								
2.2.1	차량	UGV 자율주행	기존	2.2.1	UGV 전용 AIController 클래스 생성 및 NavMesh 연동	완료	차량 전용 주행 컨트롤러를 만들고 길찾기 시스템에 연결했다.	vehicle/ugv/2026-08-27_new_kadex_0811_navmesh_autonomous_driving.md	2026-06-01	2026-06-30	날짜 근사(월 단위)		O
2.2.2	차량	UGV 자율주행	기존	2.2.2	MoveToLocation 기반 경로 주행 로직 구현	완료	목표 지점까지 스스로 경로를 만들어 주행한다. 이후 '목적지에 매번 같은 위치·같은 방향으로 정확히 주차하는' 기능을 추가했다 — 감속, 마지막 구간 미세 전진, 제자리 선회, 정렬 순서로 동작한다.	vehicle/ugv/2026-08-27_new_kadex_0811_navmesh_autonomous_driving.md, vehicle/ugv/2026-09-16_ugv_slope_steering_and_arrival_heading.md	2026-06-01	2026-09-16	날짜 근사(월 단위)		O
2.2.3	차량	UGV 자율주행	기존	2.2.4	도착 판정(반경 10m) 및 정지 시퀀스 구현	완료	목표 지점 반경 안에 들어오면 도착으로 판정하고 정지한다.	vehicle/ugv/	2026-06-01	2026-06-30	날짜 근사(월 단위)		O
2.2.4	차량	UGV 자율주행	기존	2.2.9	장애물 감지 시 자동 정지(Emergency Stop) 기능	폐기/불필요	요구사항에 없는 항목이다(상세설계서·시나리오 명세·통신 규격 어디에도 없다). 현재 시나리오는 차량이 혼자 이동하므로 필요한 상황도 생기지 않는다. 나무 같은 정적 장애물 회피는 별도로 구현돼 있다. 필요해지면 되살린다.	all.md, infra_architecture/system_architecture_design_spec.md(R-UGV-SFR), protocol/lig_icd_ugv_rc_full.md			요구사항 없음 — 2026-09-21 폐기 판정 (nice-to-have)	있으면 좋음	X
2.2.5	차량	UGV 자율주행	신규		커브 선행 감속 — 제동 곡선 기반 속도 거버너	완료	경로의 곡률을 미리 읽어 커브에 들어가기 전에 감속하게 했다.	vehicle/ugv/2026-08-22_ugv_corner_braking_dev_guide.md	2026-08-22	2026-08-25			
2.2.6	차량	UGV 자율주행	신규		험지 구동력 전달 개선 — 한쪽 바퀴가 떠도 계속 주행	완료	바퀴 하나가 공중에 뜨면 차량 구동력 전체가 사라져 멈춰버리던 오래된 문제를 해결했다. 실제 궤도·다륜 차량처럼 접지한 바퀴로 구동력이 전달된다.	vehicle/ugv/2026-08-26_ugv_track_lock_implementation_plan.md	2026-08-25	2026-08-26			
2.2.7	차량	UGV 자율주행	신규		장애물 회피 — 나무에 계속 부딪히던 문제 4대 원인 규명·해결	완료	자율주행 중 나무에 계속 부딪히던 문제를 끝까지 파고들어 해결했다. 실측 34.6km/h로 숲을 통과한다.	vehicle/ugv/2026-08-26_ugv_obstacle_avoidance.md	2026-08-26	2026-08-27			
2.2.8	차량	UGV 자율주행	신규		주행 속도 제어기 재작성 — 오르막 속도 저하 해결	완료	목표 속도를 따라가는 방식을 바꿔 오르막에서 속도가 죽는 문제를 해결했다. 경사에 대한 보상이 자동으로 따라온다.	vehicle/ugv/2026-08-31_ugv-speed-pi-controller.md	2026-08-31	2026-08-31			
2.2.9	차량	UGV 자율주행	신규		적 거리 기반 속도 제한 (15/7/3 km/h 선형 보간)	완료	적에게 가까워질수록 천천히 가도록 속도 상한을 거리에 따라 조절한다(15/7/3km/h). 추격 장면이 자연스러워진다.	vehicle/ugv/2026-08-31_ugv_enemy_distance_speed_limit.md	2026-08-31	2026-08-31		
2.2.10	차량	UGV 자율주행	신규		비탈길 조향 보정 + 목적지 방향·위치 정렬	완료	비탈에서 차량이 옆으로 밀려난 뒤에 되돌리는 것이 아니라 미리 보정하도록 조향을 고쳤고, 목적지에 매번 같은 위치·같은 방향으로 정렬해 정차하는 기능을 넣었다.	vehicle/ugv/2026-09-16_ugv_slope_steering_and_arrival_heading.md	2026-09-16	2026-09-29	실주행 검증 완료		
2.2.11	차량	UGV 자율주행	신규		제동 제어 재작성 — 비례 브레이크 + 제동 중 조향	완료	커브 앞 급제동, 코너 중간 급감속, 좁은 길 충돌이 전부 하나의 원인이었다 — 엔진 차량 시스템이 우리가 준 '약한 브레이크'를 전부 '최대 브레이크'로 바꾸고 있었고, 제동 중에는 좌우 속도 차로 도는 조향이 아예 먹지 않았다. 자율주행 중에는 브레이크를 준 세기대로 쓰도록 바꿨다.	vehicle/ugv/2026-09-16_ugv_chaos_brake_proportional_and_brake_steer.md	2026-09-16	2026-09-29	실주행 검증 완료		
2.2.12	차량	UGV 자율주행	신규		자율주행 튜닝 진단 화면	완료	'부딪히지 않는 선에서 최대 속도'를 잡기 위해 감속 개입 시점·전방 여유거리·브레이크 횟수를 화면에 띄우는 진단 도구. 실주행 튜닝에 사용했다.	CURRENT_STATE.md §11	2026-09-16	2026-09-29		
2.3	차량	UGV 원격 제어	L2		UGV 원격 제어								
2.3.1	차량	UGV 원격 제어	기존	1.2.4	UGV용 전진/후진/조향 제어 로직 구현	완료	차량 전진·후진·조향 조작. 좌우 바퀴 속도 차로 도는 방식이다.	vehicle/ugv/	2026-05-01	2026-05-31	날짜 근사(월 단위)		O
2.3.2	차량	UGV 원격 제어	기존	2.2.7	주행 모드(대기/원격/비상) 전환 상태 머신(FSM) 구축	완료(구현방식 확정)	대기·원격 주행 모드 전환은 자체 설계가 아니라 통신 규격에 정의된 명령 조합으로 확정했다. 차량 시동이라는 개념은 규격에 없다.	protocol/ugv_rc_feature_gap_analysis.md, protocol/lig_questions_0816.md §1-신규-2	2026-08-16	2026-08-31			O
2.3.3	차량	UGV 원격 제어	기존	2.2.8	원격 제어 시 물리 기반 기동(Force/Torque) 적용	완료	원격 조작 시 차량이 물리적으로 힘을 받아 움직이도록 구현했다.	vehicle/ugv/	2026-06-01	2026-06-30	날짜 근사(월 단위)		O
2.3.4	차량	UGV 원격 제어	기존	3.3.10	비상 정지 명령 시 모든 Actor 상태 동결 로직	완료(구현방식 확정)	통신 규격에 정의된 비상정지 명령을 구현했다(주행 정지와 제동, 해제 명령으로 복귀). 원본 항목의 '모든 대상 동결'이라는 표현은 어느 원본 문서에도 없어, 이 항목은 통제기가 내리는 차량 비상정지로 확정했다. 시나리오 전체를 멈추는 기능이 따로 필요해지면 신규 항목으로 연다.	protocol/lig_icd_ugv_rc_full.md, protocol/protocol_icd.md §3(RC_EmergencyStop), protocol/ugv_rc_feature_gap_analysis.md	2026-08-16	2026-08-16	2026-09-21 사용자 판정: UGV 비상정지로 확정	비상정지는 동작	O
2.4	차량	드론 비행/물리	L2		드론 비행/물리								
2.4.1	차량	드론 비행/물리	기존	2.1.1	UAV Actor 클래스 및 물리 속성(Drag/Lift) 설정	완료(구현방식 확정)	드론 비행은 9월에 전면 재구현됐다 — 간단한 근사 이동에서, 로터 여섯 개가 각각 추력을 내고 그 합으로 기체가 움직이는 실제 비행 물리로 바꿨다.	vehicle/drone/drone_flight_dev_guide.md, vehicle/drone/2026-09-01_drone_replaces_bp_uav.md	2026-08-27	2026-09-01		공기저항,추력 적용	O
2.4.2	차량	드론 비행/물리	기존	2.1.2	자동 이륙(5초간 20m 상승) 시퀀스 제어 로직	완료(구현방식 확정)	정해진 시간·높이를 그대로 재생하는 방식이 아니라, 자율비행이 사람과 똑같은 스틱 입력을 만들어 물리로 떠오르게 한다 — 물리를 우회하지 않는다는 설계 원칙이다.	vehicle/drone/drone_flight_dev_guide.md	2026-08-28	2026-08-28		카오스 물리 적용	O
2.4.3	차량	드론 비행/물리	기존	2.1.3	목표 지점(Vector) 기반 직선 이동 비행 알고리즘	완료(구현방식 확정)	직선 이동이 아니라 미리 그려둔 경로를 따라 나는 방식으로 확정했다. 9월에는 교전이 시작되면 드론이 그 경로 위에서 '전황이 가장 잘 보이는 지점'으로 스스로 이동하는 기능이 추가됐다.	vehicle/drone/drone_flight_dev_guide.md, vehicle/drone/2026-09-05_drone_engagement_observation.md, replication/2026-09-15_drone_two_pc_validation.md	2026-08-29	2026-09-15		카오스 물리 적용	O
2.4.4	차량	드론 비행/물리	기존	2.1.4	도착 판정(반경 20m) 및 정지/호버링 로직	완료	목표 지점 반경 안에 들어오면 도착으로 판정하고 제자리 비행으로 전환한다.	vehicle/drone/drone_flight_dev_guide.md	2026-08-29	2026-08-29		카오스 물리 적용	O
2.4.5	차량	드론 비행/물리	기존	2.1.7	비행 상태 데이터(고도/속도/방향) 실시간 업데이트 로직	완료	고도·속도·방향 등 비행 상태를 실시간으로 화면에 갱신한다.	vehicle/drone/drone_flight_dev_guide.md	2026-08-01	2026-08-31	날짜 근사(월 단위)		O
2.4.6	차량	드론 비행/물리	기존	2.1.8	UAV 이동 시 지형 충돌 방지(Avoidance) 로직	완료(구현방식 확정)	실시간 회피 대신 미리 그려둔 경로를 따르는 방식으로 확정했다 — 시연 경로가 고정이라 회피가 필요 없다. 남은 것은 경로 고도를 올려 내려다보는 각도를 확보하는 것과 2·3차 전투지 추격 경로 추가다.	vehicle/drone/drone_flight_dev_guide.md, vehicle/drone/2026-09-05_drone_engagement_observation.md	2026-08-29	2026-09-05		정해진경로로이동	O
2.4.7	차량	드론 비행/물리	신규		드론 비행 물리 전면 재구현 — 구형 드론 대체	완료	기존의 간단한 근사 비행을 로터별 추력 기반 실제 비행 물리로 전면 재구현하고, 구형 드론의 모든 기능을 옮겨 대체했다 — 수동 조종, 자율비행, 짐벌 카메라, 프로펠러 소리, 바람 반응, 단계별 탐지, 시나리오 연동, 영상 송출.	vehicle/drone/drone_flight_dev_guide.md, vehicle/drone/2026-09-01_drone_replaces_bp_uav.md	2026-08-27	2026-09-01			
2.4.8	차량	드론 비행/물리	신규		교전 관측 이동 — 드론이 스플라인 위에서 전황이 가장 잘 보이는 지점으로 자율 이동	완료	교전이 시작되면 드론이 스스로 '지금 전황이 가장 잘 보이는 지점'으로 이동한다 — 카메라 각도만 돌려서는 거리를 줄일 수 없기 때문이다. 미리 그려둔 경로 위에서만 지점을 고르므로 지형 회피가 필요 없다. 초기에는 그 이동이 좌우로 출렁였는데, 목표를 향한 힘만 계산하고 다가가는 속도를 함께 보지 않은 것이 원인이었다.	vehicle/drone/2026-09-05_drone_engagement_observation.md	2026-09-03	2026-09-05			
2.4.9	차량	드론 비행/물리	신규		수동 조종을 비행/짐벌 두 축으로 분리	완료	'기체는 알아서 날고 사람은 카메라만 돌려본다'를 가능하게 하려고 수동 조종을 비행과 카메라 두 축으로 분리했다 — 전시에서 가장 많이 쓰일 조합이다. 수동을 놓으면 카메라가 기본 자세로 천천히 돌아온다.	vehicle/drone/2026-09-10_drone_manual_control_split.md	2026-09-10	2026-09-10
2.4.10	차량	드론 비행/물리	신규		원격 로터 회전 복제 + 분대 트래킹 판정 이관	완료	다른 PC에서 볼 때 프로펠러가 멈춰 있고 소리도 고정돼 있던 것을, 회전 상태를 함께 전달하도록 고쳤다. 또 적군을 신규 병사 시스템으로 교체한 뒤 '도주한 분대는 드론이 추적하지 않는다'는 판정이 조용히 동작을 멈춘 것도 수정했다.	vehicle/drone/2026-09-23_drone_remote_rotor_and_squad_tracking.md	2026-09-23	2026-09-23			
2.5	차량	드론 카메라/짐벌	L2		드론 카메라/짐벌								
2.5.1	차량	드론 카메라/짐벌	기존	2.1.5	UAV 카메라 Pan/Tilt 구동축(Gimbal) 로직 구현	완료	드론 카메라의 상하좌우 구동. 9월에 기체가 가속·감속으로 기울어도 카메라는 수평을 유지하도록 안정화를 넣었다.	vehicle/drone/2026-09-01_drone_replaces_bp_uav.md, vehicle/drone/2026-09-10_drone_manual_control_split.md, vehicle/drone/2026-09-15_drone_gimbal_stabilization.md	2026-08-28	2026-09-15			O
2.5.2	차량	드론 카메라/짐벌	기존	2.1.6	Scene Capture Component 2D를 활용한 실시간 렌더링 피드	완료	드론 카메라가 보는 화면을 실시간으로 뽑아내 화면 표시와 영상 송출에 함께 쓴다.	rtsp/rtsp_integration_complete_0817.md	2026-08-17	2026-08-17			O
2.5.3	차량	드론 카메라/짐벌	기존	2.1.9	카메라 줌(Zoom) 기능 및 시야각(FOV) 연동 로직	완료	카메라 확대 배율과 화각 연동 완료.	-	2026-06-01	2026-06-30	날짜 근사(월 단위)		O
2.5.4	차량	드론 카메라/짐벌	기존	2.1.10	UAV 영상 전송 가상 노이즈 효과 구현	폐기/불필요	불필요. 요구사항에 없고, 가상 노이즈 대신 실제 영상 송출로 대체됐다.	rtsp/				rtsp 로 영상전송 노이즈는 요구사항에 없음	O
2.5.5	차량	드론 카메라/짐벌	신규		짐벌 2축 안정화 — 각도 기준을 기체 → 수평 프레임으로	완료	기체가 가감속으로 기울 때 카메라가 같이 흔들리던 것을, 카메라 각도의 기준을 기체가 아니라 수평면으로 바꿔 해결했다. 실제 2축 짐벌과 같은 동작이다.	vehicle/drone/2026-09-15_drone_gimbal_stabilization.md	2026-09-15	2026-09-15			
3	전투 (RCWS·기존 병사 AI)		L1		전투 (RCWS·기존 병사 AI)								
3.1	전투 (RCWS·기존 병사 AI)	RCWS 조준/사격	L2		RCWS 조준/사격								
3.1.1	전투 (RCWS·기존 병사 AI)	RCWS 조준/사격	기존	3.1.1	RCWS Actor 클래스 및 Skeletal Mesh 컴포넌트 통합	완료	원격 사격 장치(포탑)의 구성과 차량 장착 완료.	guide/rcws_fire_control_dev_guide.md	2026-07-12	2026-07-12			O
3.1.2	전투 (RCWS·기존 병사 AI)	RCWS 조준/사격	기존	3.1.2	포탑/총열 회전(Pan/Tilt) 로직 및 클램프 설정	완료(구현방식 확정)	포탑 좌우·상하 회전과 각도 제한. 신규 차량은 단발 중기관총이라 총열 회전은 제거했고, 개틀링을 쓰는 지휘소 차량만 유지한다. 내리막에서 조준선이 하늘을 보던 문제도 기준을 차체로 바꿔 해결했다.	vehicle/ugv/2026-09-02_ugv_0901_new_model_rig.md, rcws/2026-09-15_search_sweep_hull_relative_elevation.md, level_new_kadex_0811/2026-09-15_demo_ugv_autofire_on_zone1_arrival.md	2026-09-02	2026-09-16			O
3.1.3	전투 (RCWS·기존 병사 AI)	RCWS 조준/사격	기존	3.1.3	탄약 시스템(장전/잔탄 관리/발사 속도 제어)	완료	탄약 관리와 장전, 발사 속도 제어.	guide/rcws_fire_control_dev_guide.md	2026-07-01	2026-07-31	날짜 근사(월 단위)		O
3.1.4	전투 (RCWS·기존 병사 AI)	RCWS 조준/사격	기존	3.1.5	Line Trace 기반 탄환 궤적 및 충돌 판정 구현	완료(구현방식 확정)	탄이 즉시 명중 판정되는 방식이 아니라 실제로 날아가는 투사체 방식으로 확정했다 — 비행 시간과 낙차가 생겨 교전이 읽힌다. 두 PC 구성에서는 명중 판정을 호스트가 담당한다.	replication/replication_audit.md	2026-08-14	2026-08-14		투사체로 충돌체크	O
3.1.5	전투 (RCWS·기존 병사 AI)	RCWS 조준/사격	기존	3.1.9	사격 진동(Recoil) 및 카메라 흔들림 효과	완료	사격 시 반동과 화면 흔들림 효과.	guide/rcws_fire_control_dev_guide.md	2026-07-01	2026-07-31	날짜 근사(월 단위)		O
3.1.6	전투 (RCWS·기존 병사 AI)	RCWS 조준/사격	신규		다중 화면 카메라 흔들림 분리	완료	여러 화면을 동시에 띄우는 구성에서, 한 화면의 조준 조작과 차량 사격 반동이 관계없는 다른 화면까지 흔들던 현상을 바로잡았다. 이제 각 화면은 자기 화면에서 일어난 일에만 반응한다.	rcws/2026-08-31_selfdefense_camera_shake_bugs.md	2026-08-31	2026-09-18		
3.1.7	전투 (RCWS·기존 병사 AI)	RCWS 조준/사격	신규		데모 자동사격 품질 개선	완료	무인 시연에서 자동사격이 실제 교전처럼 보이도록 사격 지속 방식, 탄착 분포, 거리별 확대 배율, 표적 선택, 엎드린 적 조준 높이를 한 번에 다듬었다.	rcws/2026-09-01_autofire_single_burst_stuck_bug.md, rcws/2026-09-01_rcws_spread_recoil_tuning.md, rcws/2026-09-01_rcws_zoom_baseline_and_target_priority.md, rcws/2026-09-01_target_retention_grace.md, rcws/2026-09-02_prone_target_aim_fix.md	2026-09-01	2026-09-02			
3.1.8	전투 (RCWS·기존 병사 AI)	RCWS 조준/사격	신규		데모 자동사격 개시 시점 조정 + 정찰 조준 기준 보정	완료	자동사격이 시작과 동시에 켜져 이동 중에도 쏘던 것을 1차 목적지 도착 시점으로 옮겼다. 정찰 중 조준선이 내리막에서 하늘을 향하던 것도 차체 기준으로 바꿔 해결했다.	level_new_kadex_0811/2026-09-15_demo_ugv_autofire_on_zone1_arrival.md, rcws/2026-09-15_search_sweep_hull_relative_elevation.md	2026-09-15	2026-09-16			
3.1.9	전투 (RCWS·기존 병사 AI)	RCWS 조준/사격	신규		RCWS 표적 기억 + 신체 부위 단위 탐지·조준	완료	적이 2~3초만 엄폐해도 조준이 딴 곳으로 돌아가고, 머리만 내놓은 적은 아예 탐지되지 않던 한계를 없앴다. 표적을 기억해 두어 시야에서 사라져도 마지막으로 본 위치를 몇 초간 응시하고, 탐지·조준 기준을 몸 중심선 하나에서 머리·가슴·골반 세 부위로 나눠 그중 실제로 보이는 부위를 노린다.	rcws/2026-09-16_rcws_target_memory_and_body_part_aim.md	2026-09-16	2026-09-18		
3.1.10	전투 (RCWS·기존 병사 AI)	RCWS 조준/사격	신규		RCWS 청각 탐지 — 총성 방향 조사	완료	볼 수 있는 적도, 응시할 기억도 없을 때 근처(약 50m)에서 총소리가 나면 그 방향을 잠시 살펴본다. 시각 탐지가 항상 우선이고 아군 총성은 무시한다.	rcws/2026-09-17_rcws_gunfire_hearing.md, guide/detection_dev_guide.md	2026-09-17	2026-09-21		
3.2	전투 (RCWS·기존 병사 AI)	탐지/피아식별	L2		탐지/피아식별								
3.2.1	전투 (RCWS·기존 병사 AI)	탐지/피아식별	기존	3.1.6	적군/아군 피아식별 Bounding Box 드로잉 로직 (Red/Green)	완료(구현방식 확정)	적·아군 구분 표시는 색 두 가지가 아니라 통신 규격이 정한 6가지 분류(아군·적군·차량·지휘소·드론·낙하산)로 보낸다. 좌표 형식도 규격이 정한 방식을 따른다.	protocol/2026-09-02_object_class_expansion.md, protocol/protocol_icd.md, rcws/2026-09-16_rcws_target_memory_and_body_part_aim.md	2026-09-02	2026-09-16			O
3.2.2	전투 (RCWS·기존 병사 AI)	탐지/피아식별	기존	3.1.7	사거리 측정(Lidar 모사) 및 결과 UI 전시	완료	표적까지의 거리 측정과 화면 표시. 이후 조준·표적 선정이 크게 보강됐다 — 표적 기억, 마지막 위치 응시, 부위별 조준, 총소리 방향 조사.	guide/detection_dev_guide.md, rcws/2026-09-16_rcws_target_memory_and_body_part_aim.md, rcws/2026-09-17_rcws_gunfire_hearing.md	2026-07-09	2026-09-17			O
3.2.3	전투 (RCWS·기존 병사 AI)	탐지/피아식별	기존	3.1.8	EO(광학)/IR(열상) 카메라 필터 포스트 프로세스 구현	완료	주간(광학)·야간(열상) 카메라 전환 효과. 영상 품질 개선은 추후 과제다.	camera_pipeline/	2026-06-01	2026-06-30	날짜 근사(월 단위)	퀄리티업은 추후	O
3.2.4	전투 (RCWS·기존 병사 AI)	탐지/피아식별	신규		탐지 최소 크기 기준 신설 — 화면에 너무 작게 보이는 표적 제외	완료	화면에서 너무 작게 보이는 표적은 탐지하지 않도록 최소 크기 기준을 넣어, 사람이 식별할 수 없는 거리의 표적에 조준 장치가 반응하지 않게 했다. 이 기준은 렌즈 화각과 맞물려 실효 탐지 거리를 좌우하므로 화면별로 함께 조정했다.	ai_combat/2026-09-01_ally_accuracy_and_detection_pixel_gate.md, level_new_kadex_0811/2026-09-01_axis_rcws_autofire_investigation.md	2026-09-01	2026-09-02			
3.2.5	전투 (RCWS·기존 병사 AI)	탐지/피아식별	신규		탐지 분류 6종 확장 (아군 / 적군 / UGV / 이동지휘소 / 드론 / 낙하산)	완료	탐지 결과를 통신 규격에 맞춰 6가지로 분류해 보내도록 확장했다. 낙하산이 '차량'으로 나가던 오류도 해결했다. 발주처가 우리 재량으로 정하라고 한 항목이라 답변을 기다리지 않고 구현했고 통보만 남았다.	protocol/2026-09-02_object_class_expansion.md	2026-09-02	2026-09-02			
3.3	전투 (RCWS·기존 병사 AI)	병사 AI/전투	L2		병사 AI/전투								
3.3.1	전투 (RCWS·기존 병사 AI)	병사 AI/전투	신규		아군 AI 사격/엄폐 행동	완료	아군 병사의 사격·엄폐·표적 재선정 행동을 구현했다 — 3~4발 버스트 사격, 엄폐와 사격 자세 순환, 총구 기준 조준 보정, 그리고 나와 표적 사이에 아군이 있으면 쏘지 않는 안전장치.	ai_combat/ally_ai_combat_system_status.md, ally_move.md	2026-08-06	2026-08-09			
3.3.2	전투 (RCWS·기존 병사 AI)	병사 AI/전투	신규		적군 AI 이동/전투/도주	완료	적군 병사에 아군과 같은 수준의 전투 행동을 붙였다 — 이동, 도착 후 교전, 도주 세 단계. 검증된 아군 로직을 옮기면서 대형·차량 동행 같은 아군 전용 개념은 제외했다.	ai_combat/enemy_ai_combat_system_status.md	2026-08-10	2026-08-12			
3.3.3	전투 (RCWS·기존 병사 AI)	병사 AI/전투	신규		3단계 전투 시나리오용 적군 행동 고도화	완료	전투지 1개짜리였던 적군 행동을 3단계 전투(차량 단독 → 아군 합류 → 지휘소 교전)로 확장하고, 그 사이를 잇는 분대 접근·단계적 도주·표적 전환·사망 연출·시나리오 연동까지 완료했다. 사망은 미리 만든 애니메이션 대신 물리 기반 랙돌로 바꿨다.	ai_combat/enemy_scenario_combat_expansion.md	2026-08-23	2026-08-24			
3.3.4	전투 (RCWS·기존 병사 AI)	병사 AI/전투	신규		적 15명 3분대 재편 — 분대별 도주 경로 + 분대 전멸 캐스케이드	폐기/불필요	적 15명을 5명씩 3개 분대로 나눠 분대마다 다른 경로로 도주하게 했다. ※ 9월에 이 레벨의 병사 전원이 신규 병사 시스템으로 교체되면서 이 분대 로직은 새 분대 명령 층으로 대체됐다. 기록으로 남긴다.	ai_combat/2026-08-31_enemy_squad_reorg.md	2026-08-31	2026-09-21	신규 병사 AI의 분대 명령 층(4.4.4)으로 대체됨 — 2026-09-21		
3.3.5	전투 (RCWS·기존 병사 AI)	병사 AI/전투	신규		교전 행동 자연스러움 개선	완료	교전이 자연스러워 보이도록 아군 탄 퍼짐, 아군 오인 사격 방지, 표적 우선순위(하늘의 드론보다 눈앞의 보병 우선), 사격 자세 고착을 함께 정리했다.	ai_combat/2026-09-01_ally_accuracy_and_detection_pixel_gate.md, ai_combat/2026-09-02_enemy_fire_lane_safety.md, ai_combat/2026-09-02_enemy_target_priority_drone_last.md, ai_combat/2026-09-03_enemy_combat_fixes.md, ai_combat/2026-09-01_enemy_spin_on_hit_investigation.md	2026-09-01	2026-09-03			
3.3.6	전투 (RCWS·기존 병사 AI)	병사 AI/전투	신규		적 전투지별 인원 동적 재배정 + 사상자 기록	완료	적이 초반에 너무 빨리 쓰러져 3차 전투지로 이동하는 인원이 남지 않던 문제를 해결하고, 전투지별 인원을 정원제로 채우는 방식과 사상자 기록을 함께 넣었다.	ai_combat/2026-09-03_dynamic_squad_reassignment_and_casualty_log.md	2026-09-03	2026-09-03			
3.4	전투 (RCWS·기존 병사 AI)	병사 애니메이션	L2		병사 애니메이션								
3.4.1	전투 (RCWS·기존 병사 AI)	병사 애니메이션	기존	3.2.2	애니메이션 블루프린트(ABP) 및 상태 전이 로직 구축	완료	병사 애니메이션 상태 전이. 8월 말에 이동 애니메이션 체계를 전면 개편했고(실제 이동 속도에 따라 걷기·뛰기가 자동으로 섞이는 구조), 9월에는 아군·적군 애니메이션을 분리했다. 더 사실적인 병사 동작은 신규 병사 시스템에서 새로 만들고 있다.	ai_combat/enemy_locomotion_animation_pipeline.md, ai_combat/2026-09-10_ally_enemy_animation_split.md, ai_combat/2026-09-11_ally_skeleton_migration_prep.md, ai_combat/2026-09-11_enemy_slide_and_fire_gate.md, soldier_ai_lab/migration/2026-09-14_titan_example_migration.md	2026-08-24	2026-09-11		퀄리티업 필요	O
3.4.2	전투 (RCWS·기존 병사 AI)	병사 애니메이션	기존	3.3.6	적 사망 애니메이션 동기화 및 래그돌(Ragdoll) 전환 로직	완료	사망 시 물리 기반 랙돌로 전환한다. 총알 방향으로 힘이 들어가 쓰러지는 방향이 자연스럽다. 9월에는 다른 PC에서 볼 때 서서 죽고 총이 공중에 떠 있던 문제도 해결했다.	ai_combat/enemy_hit_reaction_physics_system.md, replication/2026-09-17_enemy_anim_death_replication_gaps.md	2026-08-24	2026-09-17			O
3.4.3	전투 (RCWS·기존 병사 AI)	병사 애니메이션	신규		아군 이동/조준방향 분리 설계 + 디자인팀 애니메이션 요청서	완료	병사 자세(서기·앉기·엎드리기)를 최상위로 두고 그 아래 경계 상태와 이동 상태가 애니메이션을 고르는 구조를 설계하고, 디자인팀에 필요한 애니메이션 목록을 정식 요청했다. 이때 병사 골격에 이동의 기준이 되는 뼈가 없다는 것이 드러났고, 이것이 나중에 신규 병사 시스템에서 골격을 표준 규격으로 전면 교체한 근본 이유가 됐다.	ally_move.md, ally_animation_request.md	2026-08-06	2026-08-07			
3.4.4	전투 (RCWS·기존 병사 AI)	병사 애니메이션	신규		적군 피격 반응 — 물리 대신 계산으로 몸 흔들림 생성	완료	총에 맞았을 때 몸이 흔들리는 반응. 물리 엔진으로 만들려니 원인 불명의 떨림이 계속돼, 물리를 쓰지 않고 계산만으로 흔들림을 만드는 방식으로 교체했다 — 발산이나 충돌 문제가 구조적으로 생기지 않는다.	ai_combat/enemy_hit_reaction_physics_system.md	2026-08-24	2026-08-24			
3.4.5	전투 (RCWS·기존 병사 AI)	병사 애니메이션	신규		적군 이동속도–발걸음 대응 구조 이식	완료	적군에도 아군과 같은 이동속도–발걸음 대응 구조를 이식해, 실제 이동 속도에 따라 걷기·뛰기가 자동으로 섞이도록 했다.	ai_combat/enemy_locomotion_animation_pipeline.md	2026-08-25	2026-08-25			
3.4.6	전투 (RCWS·기존 병사 AI)	병사 애니메이션	신규		애니메이션 애셋 사용 현황 전수 목록 (디자인팀 공유용)	완료	병사들이 실제로 재생 중인 애니메이션 전체 목록과, 애니메이션 없이 코드로 처리한 동작(기울임·조준각·사주경계·피격 반응·사망)을 정리해 디자인팀에 공유했다.	ai_combat/2026-09-01_animation_asset_inventory.md	2026-09-01	2026-09-01			
3.4.7	전투 (RCWS·기존 병사 AI)	병사 애니메이션	신규		아군/적군 애니메이션 분리 + 아군 신규 골격 이관	완료	디자이너가 적군 골격을 수정하면서 아군과 공유하던 애니메이션 연결이 끊긴 것을 계기로, 적군 전용 애니메이션 세트를 만들고 아군은 새 골격으로 전면 이관했다(레벨의 아군 25명 전환 포함).	ai_combat/2026-09-10_ally_enemy_animation_split.md, ai_combat/2026-09-11_ally_skeleton_migration_prep.md	2026-09-10	2026-09-11			
3.5	전투 (RCWS·기존 병사 AI)	이펙트/사운드	L2		이펙트/사운드								
3.5.1	전투 (RCWS·기존 병사 AI)	이펙트/사운드	기존	3.1.4	Muzzle Flash 및 탄피 배출 나이아가라 이펙트 연동	완료	총구 화염과 탄피 배출 이펙트. 이후 레벨 밝기에 맞춰 이펙트 광량을 재조정했다.	sfx_vfx/	2026-07-01	2026-08-31	날짜 근사(월 단위)		O
3.5.2	전투 (RCWS·기존 병사 AI)	이펙트/사운드	기존	3.1.10	환경음 및 사격음(3D Spatial Audio) 믹싱	완료	환경음과 사격음을 거리·방향에 따라 들리게 배치했다.	sfx_vfx/2026-09-01_barrel_spin_audio_attenuation.md, sfx_vfx/2026-09-03_reload_sound_attenuation.md	2026-09-01	2026-09-03		퀄리티업은 추후	O
3.5.3	전투 (RCWS·기존 병사 AI)	이펙트/사운드	신규		피격 이펙트 — 기획 → 1차 구현 → 도탄/혈흔/화염 → 전 재질 배선	완료	총알이 맞은 재질에 따라 다른 이펙트·소리·탄흔이 나오게 했다 — 지형·바위·나무·풀 전체. 도탄, 혈흔, 화염까지 포함한다.	sfx_vfx/hit_effects_idea.md, sfx_vfx/hit_effects_implementation.md, sfx_vfx/hit_effects_update_2026-08-13.md, sfx_vfx/hit_effects_update_2026-08-26.md	2026-08-12	2026-08-26			
3.5.4	전투 (RCWS·기존 병사 AI)	이펙트/사운드	신규		동적 바람 시스템	완료	나무와 풀이 흔들리고 이펙트와 드론 비행에도 영향을 주는 바람 시스템.	sfx_vfx/wind_system.md	2026-08-29	2026-08-29			
3.5.5	전투 (RCWS·기존 병사 AI)	이펙트/사운드	신규		사운드 감쇠 정리 — 포탑 회전음 / 재장전 폴리	완료	포탑 회전음이 엔진음보다 10배 멀리 퍼지고, 재장전 소리가 총성과 같은 거리까지 들리던 것을 각각 적정 거리로 조정했다.	sfx_vfx/2026-09-01_barrel_spin_audio_attenuation.md, sfx_vfx/2026-09-03_reload_sound_attenuation.md	2026-09-01	2026-09-03
3.5.6	전투 (RCWS·기존 병사 AI)	이펙트/사운드	신규		교전 오디오 — 동시 발성 예산 · 총성 분리 · 감쇠 통일 · 음속 지연	완료	병사 35명 교전에서 총성이 뚝뚝 끊기던 문제. 원인은 관리 시스템 누락이 아니라 동시에 재생할 수 있는 소리 개수(32개) 한계였다 — 신규 병사는 기존보다 4배 빠르게 쏘기 때문이다. 동시 재생 수를 64로 늘리고, 총성을 가까이서 들리는 '탕' 소리와 멀리 퍼지는 여운으로 분리했다. 거리에 따라 소리가 줄어드는 곡선을 통일하고, 총성이 거리만큼 늦게 들리는 음속 지연도 넣었다.	sfx_vfx/2026-09-21_combat_audio_voice_budget_and_attenuation.md	2026-09-21	2026-09-21	보류(사용자 결정): 오디오 차폐 · 밀도 베드 · 1P 저역 레이어 · 덕킹
4	병사 AI (신규 시스템)		L1		병사 AI (신규 시스템)								
4.1	병사 AI (신규 시스템)	설계·자산 전략·본체 편입	L2		설계·자산 전략·본체 편입								
4.1.1	병사 AI (신규 시스템)	설계·자산 전략·본체 편입	신규		문제 정의와 전체 아키텍처 설계 — 현행 병사 AI의 4가지 구조적 상한과 5층 구조	완료	기존 병사 AI는 잘 동작하지만 표현력에 한계가 있었다 — 엄폐 위치를 사람이 미리 꽂아둔 지점으로만 가고, '지금 쏘는 게 유리한가'를 판단하는 지점이 코드 어디에도 없고, 아군끼리 본 것을 공유하지 않고, 시나리오가 병사의 개별 동작까지 직접 지시한다. 이 넷을 각각 '환경에서 실시간으로 뽑아내는 전술 지점', '판단 층', '정보 공유', '명령만 내리고 방법은 병사가 정함'으로 바꾸는 5층 구조를 설계했다. 목표 규모는 45명이 60프레임으로 도는 것이다.	soldier_ai_lab/design/2026-09-01_architecture.md, soldier_ai_lab/README.md	2026-09-01	2026-09-02			
4.1.2	병사 AI (신규 시스템)	설계·자산 전략·본체 편입	신규		애니메이션 자산 공급 전략과 협업 방식	완료	디자인팀이 애니메이션을 처음부터 만들 수 없고 유료 에셋도 쓸 수 없어, 무료 클립을 가져와 우리 골격에 맞게 변환하는 파이프라인으로 조달 방식을 정했다.	soldier_ai_lab/assets/2026-09-02_asset_supply_and_collaboration.md	2026-09-02	2026-09-03			
4.1.3	병사 AI (신규 시스템)	설계·자산 전략·본체 편입	신규		본 프로젝트 편입 (별도 연구 프로젝트 → 메인)	완료	별도 연구 프로젝트로 개발하던 신규 병사 시스템을, 디자인팀이 이 방향을 채택하기로 결정해 본 프로젝트에 합쳤다. 두 프로젝트의 설정·리소스 충돌을 미리 실사한 뒤 옮겼다.	soldier_ai_lab/migration/2026-09-14_titan_example_migration.md, soldier_ai_lab/migration/2026-09-14_asset_cleanup.md	2026-09-14	2026-09-14			
4.1.4	병사 AI (신규 시스템)	설계·자산 전략·본체 편입	신규		디자인팀 애니메이션 핸드오프 — 실사용 시퀀스 103개 목록 + 디자이너 가이드	완료	신규 병사가 실제로 재생하는 애니메이션 103개 목록과 수정 규칙, 그리고 '애니메이션으로는 고칠 수 없고 코드가 직접 뼈를 움직이는 부분' 목록을 정리해 디자인팀 전달본으로 만들었다.	soldier_ai_lab/assets/2026-09-14_design_team_animation_handoff.md, soldier_ai_lab/assets/2026-09-14_designer_guide_draft.md	2026-09-14	2026-09-17			
4.2	병사 AI (신규 시스템)	애니메이션 시스템 (모션)	L2		애니메이션 시스템 (모션)								
4.2.1	병사 AI (신규 시스템)	애니메이션 시스템 (모션)	신규		엔진 모션 매칭 시스템 전수 분석 + 병사 자세 처리 흐름 명세	완료	베이스로 삼은 엔진 공식 애니메이션 샘플을 전수 분석해 '무엇을 건드리면 무엇이 바뀌는가'를 지도로 만들고, 그 위에 우리 병사의 최종 자세를 결정하는 모든 축의 정의와 합성 순서를 명세했다.	soldier_ai_lab/animation/2026-09-02_gasp_abp_analysis.md, soldier_ai_lab/animation/2026-09-02_pose_pipeline_spec.md	2026-09-02	2026-09-02			
4.2.2	병사 AI (신규 시스템)	애니메이션 시스템 (모션)	신규		애니메이션 반입 경로 검증 + 'AI가 모션 매칭을 구동할 수 있는가' 증명	완료	'무료 클립을 가져와 우리 병사에게 쓸 수 있는가'와 'AI가 이 애니메이션 시스템을 운전할 수 있는가'를 먼저 증명했다. 클립마다 필요한 부가 데이터가 다르다는 것을 1,000개 전수 실측으로 확인하고, 엔진이 만들어주지 못하는 데이터는 전용 도구를 만들어 채웠다.	soldier_ai_lab/animation/prototypes/2026-09-03_mixamo_retarget_setup.md, soldier_ai_lab/animation/prototypes/2026-09-03_gasp_curve_manifest.md, soldier_ai_lab/animation/prototypes/2026-09-04_c34_clip_curve_mapping.md, soldier_ai_lab/animation/prototypes/2026-09-04_foot_contact_curve_modifier.md, soldier_ai_lab/animation/prototypes/2026-09-04_p0-4_complete.md, soldier_ai_lab/ai/prototypes/2026-09-04_p0-1_ai_drives_mm.md, soldier_ai_lab/design/2026-09-04_p0_checkpoint.md	2026-09-03	2026-09-04			
4.2.3	병사 AI (신규 시스템)	애니메이션 시스템 (모션)	신규		엔진 공식 소총 애니메이션 세트로 이관 (129개)	완료	병사 애니메이션 출처를 엔진 공식 소총 세트(129개)로 갈아타 이동·조준 동작의 품질과 일관성을 확보했다. 이 과정에서 AI 병사가 걷지 않던 문제도 함께 해결했다.	soldier_ai_lab/animation/prototypes/2026-09-09_lyra_rifle_migration.md, soldier_ai_lab/animation/prototypes/2026-09-06_p0-2_wiring_plan.md, soldier_ai_lab/animation/prototypes/2026-09-08_root_facing_56deg.md, soldier_ai_lab/animation/prototypes/2026-09-08_turn_in_place_curves_modifier.md, soldier_ai_lab/animation/prototypes/2026-09-09_walk_quality_debugging.md	2026-09-06	2026-09-09			
4.2.4	병사 AI (신규 시스템)	애니메이션 시스템 (모션)	신규		연속 자세 축 4종 — 총구 정렬 · 몸통 회전 속도 · 엄폐 사격 · 자세 낮추기	완료	'몸 전체 애니메이션 + 절차적 보정' 설계가 실물이 된 단계. 총구가 실제 조준점을 향하게 하는 보정, 무기 자세에 따라 달라지는 몸통 회전 속도, 엄폐물 뒤에서 몸을 조금만 내밀고 쏘는 자세, 그리고 서기부터 완전히 낮추기까지를 하나의 연속값으로 다루는 자세 축 — 네 축을 넣었다.	soldier_ai_lab/animation/prototypes/2026-09-11_muzzle_aim_alignment.md, soldier_ai_lab/animation/prototypes/2026-09-11_sharp_turn_while_aiming.md, soldier_ai_lab/animation/prototypes/2026-09-12_body_yaw_rate_and_aim_antiwindup.md, soldier_ai_lab/animation/prototypes/2026-09-12_blind_fire_axis.md, soldier_ai_lab/animation/prototypes/2026-09-12_continuous_stance_axis.md	2026-09-11	2026-09-12			
4.2.5	병사 AI (신규 시스템)	애니메이션 시스템 (모션)	신규		아군·적군 캐릭터 모델 교체 (표준 골격 적용)	완료	디자인팀이 만든 아군·적군 캐릭터를 표준 골격에 올려, 애니메이션을 수정 없이 그대로 쓸 수 있게 했다. 적군은 세 번째 납품본을 채택했다.	soldier_ai_lab/animation/prototypes/2026-09-13_ally_mesh_on_mannequin_skeleton.md, soldier_ai_lab/animation/prototypes/2026-09-14_enemy_mesh_on_mannequin_skeleton.md, soldier_ai_lab/animation/prototypes/2026-09-15_sharp_turn_pop_bf_head_scale_and_weapon_socket.md	2026-09-13	2026-09-15			
4.2.6	병사 AI (신규 시스템)	애니메이션 시스템 (모션)	신규		머리 조준 추종 · 1인칭 눈–조준선 정렬 · 관전 폰	완료	총을 눈으로 가져오는 게 아니라 머리를 총의 조준선에 놓는 방식으로 1인칭 조준을 만들었다. 함께 AI끼리 싸우는 것을 자유롭게 볼 수 있는 관전 카메라도 만들었다 — 추적, 1인칭, 자유 비행.	soldier_ai_lab/animation/2026-09-14_sight_alignment_plan.md, soldier_ai_lab/ai/2026-09-14_cover_frame_fix_and_observer.md	2026-09-14	2026-09-15			
4.2.7	병사 AI (신규 시스템)	애니메이션 시스템 (모션)	신규		아군/적군 애니메이션 세트 분리 — 스켈레톤 1벌 · 클립 247개 × 2벌	완료	아군과 적군이 서로 다른 동작을 하게 하려고 애니메이션 247개를 두 벌로 복제해 진영별로 갈랐다. 골격은 하나로 유지하고 실행 중에 진영에 따라 분기한다.	soldier_ai_lab/animation/prototypes/2026-09-17_ally_enemy_anim_set_split.md	2026-09-17	2026-09-17			
4.2.8	병사 AI (신규 시스템)	애니메이션 시스템 (모션)	신규		AI 판단을 몸이 표현하는 연결 층 — 시선 · 걸음 · 급박도	완료	AI가 '어디를 볼지', '걸을지 뛸지', '얼마나 급한지'를 정하면 몸이 그것을 받아 표현하는 연결 층을 만들었다 — 총을 내린 상태에서도 몸이 볼 곳으로 돌고, 안정된 상황이면 뛰지 않고 걷고, 자세를 바꾸는 속도가 급박도에 따라 달라진다.	soldier_ai_lab/animation/2026-09-18_ai_pose_layer_scanturn_gait_smoother.md, soldier_ai_lab/animation/prototypes/2026-09-18_tick_cycle_warning_charmovecomp.md	2026-09-17	2026-09-18
4.2.9	병사 AI (신규 시스템)	애니메이션 시스템 (모션)	신규		총 내림/올림 상체 동작 + 아군 앉기 다리 보정	완료	정지·걷기에서는 총을 내리고 뛸 때는 올리는 동작을, 이동 자체는 건드리지 않고 상체에만 얹었다. 올리고 내리는 도중 손이 튀거나 급히 꺾이지 않도록 전환을 다듬었다. 아군이 앉을 때 무릎이 굽지 않던 문제도 함께 해결했다 — 원인은 애니메이션이 아니라 재납품된 캐릭터 데이터에 다리 보정용 뼈가 빠져 있던 것이었다.	soldier_ai_lab/animation/2026-09-23_low_ready_upper_body_layer.md, soldier_ai_lab/animation/prototypes/2026-09-23_ally_crouch_ik_bones_removed.md	2026-09-23	2026-09-23	세부 튜닝 진행 중
4.2.10	병사 AI (신규 시스템)	애니메이션 시스템 (모션)	신규		상황별 이동 정책 — 표로 조절하는 걸음걸이·속도	완료	'시나리오에서 병사가 너무 빠르다'는 지적에서 출발해, 상황에 따라 이동 속도를 조절하되 애니메이션을 모르는 사람도 표만 고쳐 커스텀할 수 있게 만들었다. 1차 구현은 폐기했다 — 값이 매 프레임 다시 덮여 아무 효과가 없었고, 우회해서 넣으니 발이 미끄러졌다. 원인을 찾으니 애니메이션 재생 속도를 ±25%까지만 늘이고 줄일 수 있게 되어 있어, 그 범위를 벗어나면 발이 땅과 어긋난다 — 우리가 임의로 정한 안전 범위가 틀렸던 것이다. 그래서 값을 고치는 대신 구조를 다시 읽고, 조절 손잡이를 둘로 정리했다: '이 상황에서 허용하는 가장 빠른 걸음걸이'(한 칸 낮추는 것은 미끄러짐이 원리적으로 없다)와 '속도 배율'(범위를 벗어날 수 없게 3중으로 제한 — 표를 고치는 사람이 한계를 몰라도 되게 하려는 것). 상황 16개를 정의하고 각각의 값을 표로 뺐다. 상황이 겹치면 최종 속도가 가장 낮은 것을 쓰되 도주·돌입 명령은 우선한다 — 그러지 않으면 재장전하며 도망치는 병사가 걸어서 도망친다.	soldier_ai_lab/animation/2026-09-29_movement_policy_and_playrate_band.md	2026-09-28	2026-09-29	걷기보다 더 느린 속도는 애니메이션 추가 작업 필요
4.3	병사 AI (신규 시스템)	개인 판단 AI (인지·교전·엄폐)	L2		개인 판단 AI (인지·교전·엄폐)								
4.3.1	병사 AI (신규 시스템)	개인 판단 AI (인지·교전·엄폐)	신규		상위 층(L0~L3) 구조 계획 + 초안 검증	완료	판단 층과 실행 층의 책임 경계, 계층 간 계약을 계획했다. 실제 구현은 초안과 다른 형태가 됐다 — 초안의 설계안들은 채택되지 않았다.	soldier_ai_lab/ai/2026-09-02_upper_layer_plan.md, soldier_ai_lab/ai/2026-09-10_draft_verification.md	2026-09-02	2026-09-10			
4.3.2	병사 AI (신규 시스템)	개인 판단 AI (인지·교전·엄폐)	신규		병사 사격을 실제 날아가는 탄으로 — 즉시 명중 판정 폐기	완료	병사 사격을 즉시 명중 판정이 아니라 실제로 날아가는 탄으로 만들었다. 비행 시간·낙차·도탄이 생기고, 그 셋이 AI가 판단에 쓸 재료가 된다.	soldier_ai_lab/weapons/2026-09-12_projectile_port.md	2026-09-12	2026-09-12			
4.3.3	병사 AI (신규 시스템)	개인 판단 AI (인지·교전·엄폐)	신규		인지 층 — 병사가 무엇을 알고 그 앎이 어떻게 낡는가	완료	병사가 무엇을 알고 그 지식이 어떻게 낡는지를 다루는 층. 눈으로 본 것, 소리로 들은 것, 무전으로 전달받은 것을 하나의 기억으로 모으되 '얼마나 확실한가'와 '위치를 얼마나 정확히 아는가'를 따로 들고 간다 — 총성은 확실하지만 위치는 모르고 목격은 그 반대라, 둘을 한 값으로 합치면 서로를 지운다.	soldier_ai_lab/ai/2026-09-13_perception_stack.md	2026-09-13	2026-09-13			
4.3.4	병사 AI (신규 시스템)	개인 판단 AI (인지·교전·엄폐)	신규		교전과 엄폐 — 시야 판정을 거꾸로 돌려 엄폐 위치를 실시간 계산	완료	사격 판단을 '맞출 수 있나'가 아니라 '내가 아는 적 위치가 내 무기 정확도보다 나쁜가'로 바꿨다 — 40m 표적 명중률이 2%인 상황에서 명중 확률 기준은 의미가 없기 때문이다. 엄폐는 미리 심어둔 지점이 아니라 적 시선이 닿는지를 거꾸로 계산해 그 자리에서 찾는다 — 디자이너가 벽을 옮기면 엄폐 위치도 따라 옮겨진다.	soldier_ai_lab/ai/2026-09-13_engagement_and_cover.md, soldier_ai_lab/ai/2026-09-13_ai_bridge_and_scene.md	2026-09-13	2026-09-13			
4.3.5	병사 AI (신규 시스템)	개인 판단 AI (인지·교전·엄폐)	신규		목표와 위치 선택 — 병사가 무엇을 위해 자리를 고르는가	완료	병사가 '무엇을 위해' 자리를 옮기는지를 정하는 층. 레벨에 목표 지점 하나를 놓으면 그것을 쥔 쪽은 지키고 나머지는 뺏으려 한다. 지킬 것이 구역이면 비용도 구역 단위여야 한다 — 거리로 매기면 수비대가 한 점으로 뭉친다.	soldier_ai_lab/ai/2026-09-13_objective_and_position_cost.md	2026-09-13	2026-09-14			
4.3.6	병사 AI (신규 시스템)	개인 판단 AI (인지·교전·엄폐)	신규		노출의 사다리와 '싸울 수 있는 자리' — 엄폐와 사격 가능성의 균형	완료	총구가 막혔을 때 그냥 포기하는 대신 '위로 넘겨 쏘기'와 '옆으로 비켜 쏘기'를 찾고, 몸을 얼마나 내밀지는 적의 제압 사격 정도로 고른다. 또 '가장 안전한 자리'만 찾으면 깊은 구석이 만점인데 거기서는 쏠 수도 맞을 수도 없으므로 — 완벽한 엄폐와 좋은 사격 위치는 반대말이다 — '싸울 수 있는 자리'라는 항을 따로 넣었다.	soldier_ai_lab/ai/2026-09-14_exposure_ladder_and_corrections.md, soldier_ai_lab/ai/2026-09-14_cover_frame_fix_and_observer.md	2026-09-14	2026-09-15			
4.3.7	병사 AI (신규 시스템)	개인 판단 AI (인지·교전·엄폐)	신규		병사 체력·피격·사망	완료	병사가 총에 맞으면 반응하고 죽으면 쓰러지게 했다. 피격 반응은 애니메이션으로, 사망은 물리 기반 쓰러짐으로 처리한다. 시연 안정성을 위해 아군은 무적으로 둘 수 있게 했다.	soldier_ai_lab/ai/2026-09-14_hit_death_health_recommendation.md, soldier_ai_lab/ai/2026-09-15_health_hit_death_implementation.md, soldier_ai_lab/ai/2026-09-17_hit_death_three_causes.md	2026-09-14	2026-09-17			
4.3.8	병사 AI (신규 시스템)	개인 판단 AI (인지·교전·엄폐)	신규		노출 관리와 총구 방향 학습 — 교전 판단 보강	완료	전투 AI의 구조적 한계를 보완하며 '어디가 위험한지'를 기록하는 지도를 도입하고, 총에 맞으면서도 엉뚱한 곳을 보던 문제를 '나를 쏘고 있는 상대'에 가중치를 주어 해결했다. ※ 위험 지도 자체는 같은 시기에 다음 항목의 방식으로 교체됐다.	soldier_ai_lab/ai/2026-09-14_danger_map_and_position_commitment.md, soldier_ai_lab/ai/2026-09-15_exposure_cycle_and_muzzle_learning.md, soldier_ai_lab/ai/2026-09-17_threat_bonus_lane_denied_vehicle_heights.md	2026-09-14	2026-09-17			
4.3.9	병사 AI (신규 시스템)	개인 판단 AI (인지·교전·엄폐)	신규		상황 필드 — 주변을 격자로 나눠 '조명'으로 위험도를 계산	완료	주변을 격자로 나누고 적이 있을 만한 곳에서 조명을 비추는 방식으로 위험도를 계산한다. 적 시선이 닿는 곳은 밝고 엄폐물 뒤는 그림자가 지므로, '엄폐물 뒤가 안전하다'가 별도 규칙 없이 계산만으로 나온다. 한 번도 보지 못한 땅은 은은하게 밝혀 '안 본 곳은 적이 있다고 친다'는 잠입 거동도 자연히 따라온다. 위험도를 저장해 두지 않고 매번 계산하므로 지도가 낡지 않는다. 큰 맵에서 지나온 면적만큼 메모리가 쌓이던 것은 먼 곳을 거칠게 뭉쳐 보관하도록 해 상한을 뒀다.	soldier_ai_lab/ai/2026-09-17_situation_field_lighting_model.md, soldier_ai_lab/ai/2026-09-17_infiltration_and_unknown_ground.md	2026-09-17	2026-09-18	세부 수치는 계속 튜닝 중		
4.3.10	병사 AI (신규 시스템)	개인 판단 AI (인지·교전·엄폐)	신규		순찰·경계 시선 — '오래 못 본 곳'을 스스로 살피게	완료	'적이 다 죽은 뒤 병사들이 가만히 서 있고 보는 방향도 몸과 반대'라는 어색함을 없앴다. 볼 방향을 정해진 방위가 아니라 담당 경계 범위 안에서 가장 오래 살펴보지 않은 쪽으로 고르고, 순찰도 정해진 경로 왕복이 아니라 '오래 못 본 곳을 보러 가는 것'으로 정의했다. 좁은 공간에서는 시선이 이동을 이끈다.	soldier_ai_lab/ai/2026-09-18_patrol_scan_and_move_robustness.md	2026-09-18	2026-09-18
4.3.11	병사 AI (신규 시스템)	개인 판단 AI (인지·교전·엄폐)	신규		분대 단위 상황 인식 · 모퉁이 전진 · 사격 정확도 모델	완료	위험도 계산을 진영 단위에서 분대 단위로 쪼갰다 — 하나로 두면 한 명이 본 것을 전원이 즉시 아는 전지 상태가 되기 때문이다. 다른 분대가 본 것은 무전이 닿았을 때 전달된다. 또 모퉁이를 조금씩 열어가며 전진하는 동작을 손으로 각도를 그려 만드는 대신, '정보를 얻고 싶은 욕구'와 '위험'의 계산에서 자연히 나오게 바꿨다. 사격 정확도도 무기 고정값이 아니라 AI가 이동·자세·반동·조준 흔들림을 합쳐 계산하도록 옮겼다.	soldier_ai_lab/ai/2026-09-21_per_squad_field_edge_advance_fire_model.md	2026-09-18	2026-09-21
4.3.13	병사 AI (신규 시스템)	개인 판단 AI (인지·교전·엄폐)	신규		병사가 차량을 표적으로 교전	완료	적군이 지휘소 차량을 거의 쏘지 않고 자리만 옮기던 문제를 해결했다. 사격 가능 여부를 판정할 때 표적인 차량 자신을 장애물로 읽고 있었던 것이 원인으로, 사람 크기를 기준으로 잡아둔 허용치가 차량의 덩치를 감당하지 못했다. 차량을 위협으로 볼 때의 눈높이도 실제 포탑 높이로 바로잡았다.	soldier_ai_lab/ai/2026-09-23_vehicle_target_engagement_fix.md	2026-09-23	2026-09-23
4.3.14	병사 AI (신규 시스템)	개인 판단 AI (인지·교전·엄폐)	신규		차량과 시체 상호작용 · 사망 시 무기 드롭	완료	차량이 쓰러진 적을 밟고 지나갈 때 시체가 땅에 박혀 떨리거나 차량이 튕겨 뒤집히지 않도록 했다(시체가 밀려나는 모습 자체는 유지). 사망 시 총을 손에서 떨어뜨리는 연출도 넣었고, 바닥에 떨어진 총이 시야나 엄폐물 계산에 끼어들지 않게 했다.	soldier_ai_lab/ai/2026-09-23_corpse_vehicle_interaction_and_weapon_drop.md	2026-09-23	2026-09-23
4.4	병사 AI (신규 시스템)	분대/팀 AI (명령·정보 공유)	L2		분대/팀 AI (명령·정보 공유)								
4.4.1	병사 AI (신규 시스템)	분대/팀 AI (명령·정보 공유)	신규		분대 협동 4종 — 서로를 아는 것만으로 만들어지는 협동	완료	분대라는 객체를 따로 만들지 않고, 병사들이 서로를 아는 것만으로 네 가지 협동을 만들었다 — 같은 자리를 노리지 않기, 아군의 사선 비우기, 표적 분담, 엄호 이동. 사망 시스템이 붙자 드러난 '죽은 적을 계속 아는' 문제도 해결했다.	soldier_ai_lab/ai/2026-09-16_squad_terms_and_learned_death.md	2026-09-16	2026-09-16			
4.4.2	병사 AI (신규 시스템)	분대/팀 AI (명령·정보 공유)	신규		분대 명령 층 — 시나리오는 제약만 주고 판단은 병사가	완료	시나리오가 병사 개개인에게 동작을 지시하는 대신 분대에 제약만 주는 명령 층을 만들었다 — 어느 구역으로, 교전 규칙은 어떻게, 속도는 어느 정도, 얼마나 공세적으로. 방법은 병사가 스스로 정한다. 이 시점에 적·아군 전원을 신규 병사 시스템으로 교체하기로 결정했다.	soldier_ai_lab/squad/2026-09-17_command_layer_design.md, level_new_kadex_0811/2026-09-17_soldierlab_squad_scenario_link.md	2026-09-17	2026-09-18		
4.4.3	병사 AI (신규 시스템)	분대/팀 AI (명령·정보 공유)	신규		분대 AI 전용 시험 레벨 저작 + 시험 주행	완료	분대 명령 층을 검증할 전용 시험 레벨(200m×200m)을 만들고 3단계 시나리오를 옮겨 병사 35명으로 반복 주행했다. 실제 인원·실제 구역으로 돌려봐야 드러나는 문제들을 본 레벨에 옮기기 전 이 단계에서 걸러냈다.	level_l_soldierscenario/2026-09-17_level_dressing_from_new_kadex_0811.md, level_new_kadex_0811/2026-09-18_soldierlab_three_stage_test_level.md, soldier_ai_lab/squad/2026-09-18_squad_layer_fixes_quota_engage_range.md	2026-09-17	2026-09-18
4.4.4	병사 AI (신규 시스템)	분대/팀 AI (명령·정보 공유)	신규		시연 레벨 본편에 분대 AI 이관 + 이탈(도주) 명령 분리	완료	시험 레벨에서 검증한 명령 층을 실제 시연 레벨에 적용해 병사 40명을 신규 시스템으로 교체하고, 분대별 담당 구역 8개를 세워 3단계 시나리오를 다시 저작했다. 전 흐름이 순서대로 완주한다. 또 '열세인 분대가 전투를 포기하고 물러난다'를 별도 명령으로 분리했다 — 물러나는 판단은 교전 규칙이 아니라 '그 땅을 계속 싸울 가치가 있는지'의 문제였기 때문이다.	level_new_kadex_0811/2026-09-21_soldierlab_migration_new_kadex_0811.md, soldier_ai_lab/squad/2026-09-21_break_contact_and_targeting_exclusion.md	2026-09-21	2026-09-21
5	시나리오		L1		시나리오								
5.1	시나리오	시나리오 시스템	L2		시나리오 시스템								
5.1.1	시나리오	시나리오 시스템	기존	1.1.8	Global 시나리오 매니저 싱글톤 클래스 생성	완료(구현방식 확정)	싱글톤 클래스가 아니라 레벨에 배치하는 관리 액터와 표 조합으로 확정했다 — 시나리오 단계를 코드 수정 없이 표에서 편집할 수 있다.	level_new_kadex_0811/scenario_authoring_guide.md	2026-08-23	2026-08-23		시나리오액터	O
5.1.2	시나리오	시나리오 시스템	기존	2.3.11	3.전투모사 및 시나리오 통합 Support	폐기/불필요	원본 일정표의 구조 오류 — UI 항목 밑에 전투 모사 섹션 참조가 들어가 있다. 실제 내용은 전투 항목들에 있다.	-					O
5.1.3	시나리오	시나리오 시스템	기존	3.2.7	시나리오 단계별 음성 안내(TTS) 트리거 시스템	폐기/불필요	불필요. 요구사항에 없다.	-				요구사항에 없음	O
5.1.4	시나리오	시나리오 시스템	기존	3.2.8	시퀀서(Sequencer)를 활용한 컷신 및 이벤트 연출	폐기/불필요	불필요. 요구사항에 없고, 연출은 미리 만든 컷신이 아니라 실시간 시뮬레이션으로 진행한다.	-				요구사항에 없음	O
5.1.5	시나리오	시나리오 시스템	기존	3.2.9	시나리오 체크포인트 저장 및 로드 기능	폐기/불필요	불필요. 요구사항에 없다(시나리오 총 길이가 5분이라 중간 저장이 필요 없다).	-				요구사항에 없음	O
5.1.6	시나리오	시나리오 시스템	기존	3.2.10	NPC 객체 스폰 풀(Pool) 시스템 구축	폐기/불필요	불필요. 병력 수가 고정이고 사전 배치라 실행 중 생성·회수 관리가 필요 없다.	all.md				필요없음	O
5.1.7	시나리오	시나리오 시스템	기존	3.3.8	상황 발생 시 UI 메시지 우선순위 노출 로직	폐기/불필요	불필요. 동시에 여러 메시지가 뜨는 상황이 없어 우선순위 관리가 필요 없다.	-				필요없음	O
5.1.8	시나리오	시나리오 시스템	기존	3.3.9	리플레이(Replay) 시스템을 위한 주요 이벤트 기록	폐기/불필요	불필요. 요구사항에 없다(리플레이는 이후 개발 도구로 별도 구현했다).	-				요구사항에 없음	O
5.1.9	시나리오	시나리오 시스템	기존	3.4.9	시스템 복구(Reset) 및 초기 상태 복원 검증	완료(구현방식 확정)	요구사항에 있던 항목은 아니지만, 09-22 시나리오 재시작 기능이 사실상 이 기능을 포함한다 — 재시작이 '레벨을 처음 켠 상태'로 되돌린다. 병사는 처음 위치로 다시 배치하고 차량·드론은 제자리에서 부활하며, 누적 상태값(배터리·주행거리 등)도 초기화한다.	level_new_kadex_0811/2026-09-22_scenario_restart_implementation.md	2026-09-22	2026-09-23	진행현황 5.1.14가 본체 — 여기는 원본 WBS 대응 행	구현예정	X
5.1.10	시나리오	시나리오 시스템	신규		시나리오 데이터 표 시스템 + 3단계 전투 시나리오 저작	완료	3단계 전투(차량 단독 → 아군 합류 → 지휘소 교전, 전환은 사망자 수와 거리로 판정)를 코드 수정 없이 표에서 편집할 수 있게 만들었다. 값이 사는 곳을 세 군데로 정리했다 — 언제 무엇이 발동하는가(표), 어디로(레벨에 배치한 지점), 어떻게 보이는가(개체 설정).	level_new_kadex_0811/scenario.md, level_new_kadex_0811/scenario_three_stage_combat.md, level_new_kadex_0811/scenario_authoring_guide.md	2026-08-22	2026-08-23			
5.1.11	시나리오	시나리오 시스템	신규		시나리오 실행 모드 분리 — 시연용 / 전체 연동	완료	실제 납품 구성에서는 차량 조준·사격을 발주처 통제기가 담당하므로, 통제기 없이 언리얼만 켜면 아무도 쏘지 않아 시나리오가 멈춘다. 그래서 '통제기 없이도 전체 시나리오가 도는 데모 구성'과 '실제 납품 구성'을 분리했다.	level_new_kadex_0811/2026-09-01_scenario_run_modes_demo_fullsystem.md	2026-09-01	2026-09-01			
5.1.12	시나리오	시나리오 시스템	신규		자체방호축 수동/자동 조종 — '시네마틱 + 개입 가능'	진행중	전시에서는 무인 방치해도 그림이 나와야 하고, 시연자가 원할 때만 손을 댈 수 있어야 한다. 기본은 전자동이고 체크박스를 눌러야 드론이나 지휘소 사격 중 하나가 수동으로 넘어온다 — 스틱을 건드리면 자동이 해제되는 방식은 조작 실수 한 번에 시연이 깨지므로 넣지 않았다.	level_new_kadex_0811/2026-09-01_selfdefense_manual_auto_control.md	2026-09-01	2026-09-18	구현 마무리 대기		
5.1.14	시나리오	시나리오 시스템	신규		시나리오 재시작 (확인창 + 자동 재시작)	완료	적을 전멸시키면 '재시작하시겠습니까?' 창이 뜨고, 자동 재시작을 켜두면 카운트다운 뒤 스스로 다시 시작한다 — 결과는 레벨을 처음 켠 것과 같지만 레벨을 다시 읽지 않아 빠르다. 병사는 처음 위치로 다시 배치하고 차량·드론은 제자리에서 부활하며, 배터리·주행거리 같은 누적값도 초기화한다. 2대 PC 환경에서 한쪽 화면만 초기화되지 않던 문제가 있었는데, 원인은 레벨 설정이 관전용으로 바뀌어 있어 두 PC 사이 통신이 통째로 동작하지 않던 것이었다 — 단일 PC에서는 증상이 나타나지 않는 종류였다.	level_new_kadex_0811/2026-09-22_scenario_restart_implementation.md, level_new_kadex_0811/2026-09-10_scenario_auto_restart_design.md	2026-09-22	2026-09-23	세부 화면 수정은 다음 빌드 반영 예정
5.1.15	시나리오	시나리오 시스템	신규		시나리오 무인 반복 실행 — 진행 기록 + 자동 복구	완료	장시간 무인 반복 실행이 가능하도록, 사이클마다 진행 타임라인과 통계를 파일로 남기고 흐름이 멈추면 자동으로 다음 단계로 넘기는 안전장치를 넣었다. 12시간 85사이클, PC 2대 8.7시간 59사이클을 정지 없이 완주했다. 이 기록 덕분에 프레임이 떨어지면 시나리오 진행 자체가 느려진다는 점과 장시간 실행에서 서서히 쌓이는 메모리 누수를 찾아냈다.	level_new_kadex_0811/2026-09-22_scenario_flow_log_and_failsafe.md	2026-09-22	2026-09-28
5.1.16	시나리오	시나리오 시스템	신규		장시간 실행 메모리 누수 해소	완료	무인 반복 실행 기록에서 시간이 갈수록 메모리가 조금씩 늘어나는 것을 발견해, 사격 시 만들어진 탄이 회수되지 않고 쌓이던 원인을 잡았다. 미리 만들어 둔 탄을 돌려 쓰는 방식으로 바꿔, 장시간 시연에서도 메모리가 평평하게 유지된다.	level_new_kadex_0811/2026-09-22_scenario_flow_log_and_failsafe.md	2026-09-28	2026-09-28
5.2	시나리오	시나리오 단계 #4-1~#4-8	L2		시나리오 단계 #4-1~#4-8								
5.2.1	시나리오	시나리오 단계 #4-1~#4-8	기존	3.2.3	#4-1: 시나리오 시작 및 적 위치 마커 생성 시퀀스	완료	#4-1 시나리오 시작과 적 위치 표시 단계. 완료.	level_new_kadex_0811/scenario_three_stage_combat.md	2026-08-23	2026-08-23			O
5.2.2	시나리오	시나리오 단계 #4-1~#4-8	기존	3.2.4	#4-2: UAV 이륙 및 지정 좌표 자동 이동 트리거	완료	#4-2 드론 이륙과 지정 좌표 자동 이동 단계. 완료(신규 드론 기준으로 재배선).	vehicle/drone/2026-09-01_drone_replaces_bp_uav.md	2026-08-29	2026-08-29			O
5.2.3	시나리오	시나리오 단계 #4-1~#4-8	기존	3.2.5	#4-3: 적 낙하산 식별 시 시각 효과(BB 표시) 연동	완료(구현방식 확정)	완료. 다만 시나리오 흐름이 바뀌어, 드론이 낙하산을 발견하는 것이 차량 출발 신호가 됐다(이전에는 '드론이 적을 감지'였다).	vehicle/drone/2026-09-01_drone_replaces_bp_uav.md	2026-08-29	2026-08-29			O
5.2.4	시나리오	시나리오 단계 #4-1~#4-8	기존	3.2.6	#4-4: 수색 좌표 수신 및 UGV 자동 주행 활성화	완료	#4-4 수색 좌표를 받아 차량 자동 주행을 시작하는 단계. 완료.	level_new_kadex_0811/scenario_three_stage_combat.md	2026-08-23	2026-08-23			O
5.2.5	시나리오	시나리오 단계 #4-1~#4-8	기존	3.3.1	UGV 도착 판정 및 적 식별 Bounding Box 활성화	완료	차량 도착 판정과 적 식별 표시 활성화 완료.	level_new_kadex_0811/scenario_three_stage_combat.md	2026-08-23	2026-08-23			O
5.2.6	시나리오	시나리오 단계 #4-1~#4-8	기존	3.3.2	#4-6: 아군 매복(엄폐/엎드리기) 애니메이션 트리거	완료	#4-6 아군이 나무 뒤에 엄폐하고 수풀에 엎드려 대기하는 단계. 완료.	ai_combat/ally_ai_combat_system_status.md	2026-08-01	2026-08-31	날짜 근사(월 단위)		O
5.2.7	시나리오	시나리오 단계 #4-1~#4-8	기존	3.3.3	#4-7: UGV 원격 사격 및 적군 도주 AI 행동 트리거	완료(구현방식 확정)	3단계 전투(교전 → 도주 → 재교전)로 확장했다. 9월에 이 레벨의 병사 전원이 신규 병사 시스템으로 교체되면서 도주 판정은 새 분대 명령 층이 담당한다.	ai_combat/enemy_scenario_combat_expansion.md, ai_combat/2026-08-31_enemy_squad_reorg.md, ai_combat/2026-09-10_enemy_flee_pose_leftover.md, level_new_kadex_0811/2026-09-10_scenario_auto_restart_design.md, soldier_ai_lab/squad/2026-09-17_command_layer_design.md	2026-08-25	2026-09-10			O
5.2.8	시나리오	시나리오 단계 #4-1~#4-8	기존	3.3.4	#4-8: 조이스틱 버튼 기반 제어권 전환(UAV ↔ RCWS) 최종 연동	완료	조이스틱 버튼으로 드론 카메라와 차량 조준 장치 사이 조작 대상을 전환한다. 연결·실측 확인 완료 — 원본 일정표에는 미완료로 적혀 있던 항목이다.	protocol/selfdefense_rc_feature_gap_analysis.md, 2026-09-01_kadex_progress_report.md §2	2026-08-17	2026-08-17		추가예정	X
5.2.9	시나리오	시나리오 단계 #4-1~#4-8	기존	3.3.5	#4-8: 적 섬멸 판정 알고리즘 및 시나리오 종료 신호 송신	완료(구현방식 확정)	적 섬멸 판정과 시나리오 종료 처리는 구현했다. 다만 종료 신호를 어디로 보내는가(상위체계)는 채널이 정의되지 않아 미결이다.	protocol/protocol_icd.md §5	2026-08-23	2026-08-23			O
6	외부 연동		L1		외부 연동								
6.1	외부 연동	LIG 프로토콜	L2		LIG 프로토콜								
6.1.1	외부 연동	LIG 프로토콜	기존	1.3.1	UDP 소켓 통신 모듈(C++ 기반) 기초 구현	완료	통신 모듈 구현 완료. 전송 방식은 하나로 통일했다(초기에 검토한 메시지 중계 방식은 폐기).	protocol/protocol_icd.md, infra_architecture/architecture_decisions.md	2026-08-07	2026-08-07			O
6.1.2	외부 연동	LIG 프로토콜	기존	1.3.3	적 위치 좌표 데이터(Lat/Long ↔ Unreal Vector) 변환 로직	완료(구현방식 확정)	좌표계가 위경도가 아니라 군용 격자 좌표로 확정됐다 — 발주처 정식 규격 기준이다. 정확한 구역 값은 시연 장소가 정해져야 결정된다.	protocol/protocol_icd.md §2	2026-08-14	2026-08-14			O
6.1.3	외부 연동	LIG 프로토콜	기존	1.3.6	네트워크 레이턴시 시뮬레이터 및 예외 처리 로직	완료(구현방식 확정)	규격이 정한 재전송 규칙(응답이 없으면 최대 3회 재시도)을 구현하는 것으로 확정했다.	protocol/lig_icd_ugv_rc_full.md, protocol/protocol_icd.md	2026-08-14	2026-08-14		udp 3번 까지 시도	O
6.1.4	외부 연동	LIG 프로토콜	기존	1.3.7	외부 장치(팔란티어 TITAN 등) 프로토콜 더미 데이터 생성	완료(구현방식 확정)	실제 연동 상대는 발주처 통제기임이 확정됐다. 더미 데이터 대신 실제 통신 규격으로 말하는 목업 도구를 만들어 쓰고 있다.	rc_mockup_tools/udp_protocol_client/README.md, packaging/ugv_controller_demo_실행가이드.md	2026-08-15	2026-08-15		정보없고,파이썬 ugv테스트 완료	O
6.1.5	외부 연동	LIG 프로토콜	기존	1.3.9	통신 보안(Checksum/Encryption) 기초 모듈 개발	폐기/불필요	불필요. 발주처 정식 규격에 체크섬·암호화 요구가 없다.	protocol/lig_icd_ugv_rc_full.md				필요없음	O
6.1.6	외부 연동	LIG 프로토콜	기존	1.3.10	하트비트(Heartbeat) 패킷 기반 연결 상태 모니터링 기능	폐기/불필요	불필요. 발주처 정식 규격에 연결 상태 확인용 신호가 정의되어 있지 않다 — 규격에 없는 안전 로직은 임의로 추가하지 않는다는 방침이다.	protocol/lig_icd_ugv_rc_full.md				필요없음	O
6.1.7	외부 연동	LIG 프로토콜	기존	3.4.8	외부 기기(팔란티어 TITAN 등) 프로토콜 최종 매칭	완료(구현방식 확정)	연동 상대가 발주처 통제기로 확정됐다. 8월에 정식 규격을 확보해 구현을 완료하고 1차 답변으로 불확실했던 부분을 대부분 해소했다. 후속 질문 3건과 회신 2건이 발송 대기 중이다.	protocol/lig_icd_ugv_rc_full.md, protocol/ugv_rc_feature_gap_analysis.md, documents/response_0828.md	2026-08-14	2026-09-02		정보없고,파이썬 ugv테스트 완료	O
6.1.8	외부 연동	LIG 프로토콜	신규		시스템 통신 구조 확정 — UDP 전면 통일	완료	발주처 원본 설계서를 분석해 전체 연결 구조를 정리했다. 초기에 검토한 메시지 중계 방식은 발주처 참조 구현을 본 뒤 폐기하고 통신 방식을 하나로 통일했다.	infra_architecture/system_architecture_design_spec.md, infra_architecture/architecture_decisions.md, documents/문의내용0806.md	2026-08-05	2026-08-07			
6.1.9	외부 연동	LIG 프로토콜	신규		LIG 프로토콜 질의응답 및 반영	진행중	8월 초 첫 문의부터 8월 말 1차 답변 반영까지. 답변 결과 우리가 '차량 시동'으로 잘못 구현했던 명령이 실제로는 조준 장치 관련이었음이 확인돼 재작업했다. 후속 질문 3건과 회신 2건이 발송 대기 중이다.	protocol/lig_questions_0816.md, documents/response_0828.md	2026-08-06	2026-09-18	후속 질문 3건 + 회신 2건 발송 대기		
6.1.10	외부 연동	LIG 프로토콜	신규		LIG 정식 ICD 확보 + UGV축/자체방호축 구현 및 명령별 갭 분석	완료	발주처 정식 통신 규격을 확보한 것이 가장 큰 전환점이었다 — 그때까지 추정으로 만들던 부분이 전부 확정됐다. 차량 축과 지휘소 축 양쪽에서 명령 하나하나를 규격과 대조해 구현했다.	protocol/lig_icd_ugv_rc_full.md, protocol/protocol_icd.md, protocol/ugv_rc_feature_gap_analysis.md, protocol/selfdefense_rc_feature_gap_analysis.md	2026-08-14	2026-08-17			
6.1.11	외부 연동	LIG 프로토콜	신규		통제기 목업 도구 2종 (프로토콜 시험용)	완료	발주처 통제기 없이 우리 쪽을 검증할 수 있도록, 통신 규격대로 말하는 테스트 도구와 조작 화면을 만들었다. 단독 배포용 실행 가이드도 함께 만들었다.	rc_mockup_tools/udp_protocol_client/README.md, packaging/ugv_controller_demo_실행가이드.md	2026-08-15	2026-09-04
6.1.12	외부 연동	LIG 프로토콜	신규		미니맵 이미지 지리참조 정보 LIG 공유	진행중	발주처가 시뮬레이션 지도 이미지의 좌표 기준값을 요청해, 현재 지도의 픽셀당 실제 거리와 기준점 좌표를 확정하고 답장을 준비했다. 지도를 다시 만들 것인지는 열린 결정이다.	protocol/2026-09-22_minimap_georeference_for_lig.md	2026-09-22	2026-09-22	답장 발송 대기; 지도 재생성 여부는 사용자 결정
6.2	외부 연동	RTSP 영상 송출	L2		RTSP 영상 송출								
6.2.1	외부 연동	RTSP 영상 송출	기존	3.4.4	실시간 카메라 영상 스트리밍(외부 전송용) 프로토콜 검증	완료	영상 송출은 RTSP 방식으로 확정·완료했다. 차량 5개 + 지휘소 7개 화면을 실시간 송출하며, 체감될 정도였던 지연을 0.45초에서 0.07초로 줄였다. 다만 측정은 사내 네트워크 기준이라 현장에서는 재측정이 필요하다.	rtsp/rtsp_integration_complete_0817.md, rtsp/rtsp_latency_investigation.md, rtsp/2026-09-15_lig_rtsp_describe_timeout_analysis.md, rtsp/2026-09-16_rtsp_axis_gate_dangling_timer_fix.md	2026-08-17	2026-09-16		RSTP  완료	O
6.2.2	외부 연동	RTSP 영상 송출	신규		영상 송출 방식 확정 및 시험 → 실 카메라 12스트림 연결	완료	영상 송출 방식을 검토해 RTSP로 확정하고, 7개 화면 동시 송출까지 성공시킨 뒤 실제 카메라에 연결했다.	rtsp/rtsp_poc_findings.md, rtsp/rtsp_integration_complete_0817.md, rtsp/rtsp_integration_status_0817.md	2026-08-16	2026-08-18			
6.2.3	외부 연동	RTSP 영상 송출	신규		리눅스 전체화면 프레임 저하(11fps) 해결	완료	리눅스에서 전체화면으로 띄우면 프레임이 11까지 떨어지던 문제. 원인은 렌더링이 아니라 리눅스 창 시스템의 화면 출력 경로였다.	rtsp/linux_wayland_x11_present_bottleneck.md	2026-08-19	2026-08-19			
6.2.4	외부 연동	RTSP 영상 송출	신규		RTSP 종단 지연 최적화 — 441~484ms → 68ms (약 85%)	완료	영상이 화면에 뜨기까지 체감될 정도의 지연(0.45초)이 있었다. 원인이 한 곳이 아니라 인코더 내부 버퍼, 받는 쪽 프로그램의 숨은 버퍼 등 여러 겹으로 얽혀 있어 하나씩 실측하며 제거해 0.07초까지 줄였다(약 85% 단축). 발주처에 저지연 수신 가이드도 전달했다.	rtsp/rtsp_latency_investigation.md, rtsp/RTSP_Perf_Investigation.md, rtsp/rtsp_client_reception_guide.md	2026-08-19	2026-08-24			
6.2.5	외부 연동	RTSP 영상 송출	신규		송출 영상 화면 효과 일치 — 반사·피격 흔들림 누락 해결	완료	송출 영상에만 금속 반사와 피격 화면 흔들림이 빠지던 문제. 화면에 보이는 카메라와 송출용 카메라가 실제로는 다른 카메라이고, 엔진이 송출용 카메라에서 반사를 강제로 끄고 있던 것이 원인이었다.	camera_pipeline/rtsp_postprocess_parity_0820.md	2026-08-20	2026-08-20			
6.2.6	외부 연동	RTSP 영상 송출	신규		송출 해상도 개별 설정 + 화면 잘림 · 이중 렌더링 해결	완료	송출 화면별 해상도를 지정할 수 있게 하고, 화면이 잘리거나 같은 화면이 두 번 그려지던 문제를 해결했다.	rtsp/rtsp_resolution_customization_0820.md	2026-08-20	2026-08-20			
6.2.7	외부 연동	RTSP 영상 송출	신규		발주처 PC 영상 송출 불통 해결 — 드라이버 호환 버전 확정	완료	발주처 PC에서 영상이 전혀 나오지 않는다는 보고. 원인은 우리 빌드가 요구하는 그래픽 드라이버 버전이 발주처 PC보다 높았던 것이었다 — 발주처가 드라이버 업데이트를 거부했으므로 우리 쪽 요구 버전을 낮췄다. 사내 PC를 같은 드라이버로 내려 정상 동작을 실증했다.	rtsp/2026-09-15_lig_rtsp_describe_timeout_analysis.md, packaging/2026-09-15_linux_nvidia_driver_595_run_install.md	2026-09-15	2026-09-15	LIG 재발송 대기		
6.3	외부 연동	멀티플레이 리플리케이션	L2		멀티플레이 리플리케이션								
6.3.1	외부 연동	멀티플레이 리플리케이션	기존	3.4.5	다중 접속(UAV 통제/UGV 통제) 간 데이터 동기화 확인	완료	두 PC가 같은 전장 상황을 실시간으로 동일하게 보도록 엔진의 동기화 기능으로 구현했다 — 한쪽만 상황이 진행되면 시연이 성립하지 않는다. 차량·병사·무기 전반과 드론까지 동기화하고 실기 테스트를 통과했다. 현장 네트워크에서의 재검증은 남았다.	replication/replication_audit.md, replication/2026-09-15_drone_two_pc_validation.md, replication/2026-09-17_enemy_anim_death_replication_gaps.md	2026-08-14	2026-09-17		언리얼 리플리케이션으로 동기화	O
6.3.2	외부 연동	멀티플레이 리플리케이션	기존	3.4.6	패킷 유실 시 데이터 보간(Interpolation) 로직 적용	완료(구현방식 확정)	자체 보정 로직을 만드는 대신 엔진 동기화 기능의 내장 보정을 쓰는 것으로 확정했다.	replication/replication_audit.md	2026-08-14	2026-08-14		언리얼 리플리케이션으로 동기화	O
6.3.3	외부 연동	멀티플레이 리플리케이션	신규		동기화 전수 점검 + PC 2대 접속 구현 (차량 · 조준장치 · 병사 · 드론)	완료	두 PC가 같은 전장을 보게 만드는 작업. 차량 축이 호스트, 지휘소 축이 참가자 구조로 차량·병사·무기 전반을 동기화하고 실기 테스트를 통과했다.	replication/replication_audit.md	2026-08-06	2026-08-14			
6.3.4	외부 연동	멀티플레이 리플리케이션	신규		드론 클라이언트(자체방호축) 권위 리플리케이션	완료	드론은 이 프로젝트에서 유일하게 호스트가 아닌 쪽이 물리를 계산하는 대상이다 — 조종하는 사람이 그쪽에 있기 때문이다. 대안으로 검토한 엔진 기능은 영상 지연을 늘리고 차량 거동을 바꿔 기각했다.	replication/2026-09-01_drone_client_authoritative.md	2026-08-30	2026-09-01			
6.3.5	외부 연동	멀티플레이 리플리케이션	신규		드론 2대 PC 실환경 검증	완료	PC 2대 실환경 검증에서 드론이 전혀 동기화되지 않던 것을 해결하고 정상 동작을 확인했다. 이로써 구형 드론을 완전히 제거할 수 있게 됐다.	replication/2026-09-15_drone_two_pc_validation.md	2026-09-15	2026-09-15			
6.3.7	외부 연동	멀티플레이 리플리케이션	신규		네트워크 전송 범위 조정 — 원거리 전장이 보이지 않던 문제	완료	지휘소 PC 화면에서만 드론이 비추는 전장이 통째로 비어 있던 문제를 해결했다. 엔진은 기본적으로 조종자 카메라에서 150m 안의 것만 다른 PC로 보내는데, 드론이 비추는 전장은 900m 넘게 떨어져 있어 병사와 전투 효과가 전송 단계에서 빠지고 있었다. 이제 전장 요소는 거리와 무관하게 항상 전송한다.	replication/2026-09-23_net_relevancy_battlefield.md	2026-09-23	2026-09-23	미해결: 드론 화면의 나무 라이팅·팝핑 (패키지에서는 재현되지 않음)		
6.4	외부 연동	상위체계 연동 (미확정)	L2		상위체계 연동 (미확정)								
6.4.1	외부 연동	상위체계 연동 (미확정)	기존	1.3.2	LLM 모델 송수신 데이터 프로토콜(JSON/Binary) 정의	완료(구현방식 확정)	실제로 확정·구현된 것은 발주처 통제기와의 통신이다. 원본 문서의 'LLM'이 상위체계를 가리키는지 실제 언어모델을 가리키는지는 확인되지 않아 질의해 둔 상태다.	protocol/protocol_icd.md, protocol/lig_questions_0816.md §1-신규-3	2026-08-14	2026-08-31		LLM 은미정	O
6.4.2	외부 연동	상위체계 연동 (미확정)	기존	1.3.4	시나리오 상태(Start/Pause/End) 수신 트리거 시스템	보류(상위체계 미확정)	시나리오를 외부에서 시작·정지시키는 채널은 상위체계 소관인데 그 규격이 아직 정의되지 않았다. 현재는 자체 시나리오 시스템으로 대체 운용 중이다.	protocol/protocol_icd.md §5, level_new_kadex_0811/2026-09-01_scenario_run_modes_demo_fullsystem.md				리셋,리스타트	X
6.4.3	외부 연동	상위체계 연동 (미확정)	기존	3.4.1	LLM 연동 실시간 적 좌표 데이터 최종 정합성 검증	보류(상위체계 미확정)	'LLM'이 무엇을 가리키는지 자체가 확인되지 않았고(상위체계인지 실제 언어모델인지 발주처에 질의 대기), 연동 채널도 정의되지 않아 검증할 대상이 존재하지 않는다.	protocol/lig_questions_0816.md §1-신규-3, protocol/protocol_icd.md §5				요구사항에 없음	O
6.4.4	외부 연동	상위체계 연동 (미확정)	기존	3.4.2	외부 UDP 명령 ↔ 시나리오 트리거 매핑 테스트	보류(상위체계 미확정)	외부 명령을 시나리오 진행에 연결하는 것은 상위체계 규격이 정의되어야 가능하다. 발주처가 채널 추가 여부를 검토 중이며, 현재는 자체 시나리오 시스템으로 대체 테스트하고 있다.	protocol/protocol_icd.md §5, level_new_kadex_0811/2026-09-01_scenario_run_modes_demo_fullsystem.md				상위체계 받아야 알수있음	O
7	UI		L1		UI								
7.1	UI	대시보드/위젯	L2		대시보드/위젯								
7.1.1	UI	대시보드/위젯	기존	2.2.5	UGV 4면(전/후/좌/우) CCTV 렌더 타겟 시스템	완료	차량 4면 카메라 화면 구성 완료. 영상 송출까지 연결됐다.	guide/quadcam_usage_guide.md, rtsp/rtsp_integration_complete_0817.md	2026-06-24	2026-06-24			O
7.1.2	UI	대시보드/위젯	기존	2.3.1	자체방호 통제기 UI 메인 캔버스 제작	완료	지휘소 화면 구성 완료.	ui/kadex_test_dashboard_wbp_spec.md	2026-08-01	2026-08-31	날짜 근사(월 단위)		O
7.1.3	UI	대시보드/위젯	기존	2.3.2	UGV 원격 통제기 UI 메인 캔버스 제작	완료(구현방식 확정)	원격 통제기 화면 본체는 발주처 담당임이 확정됐다. 우리 쪽은 개발·시연 검증용 화면과 목업 조작 화면을 만들었다.	ui/kadex_test_dashboard_wbp_spec.md, packaging/ugv_controller_demo_실행가이드.md	2026-08-01	2026-08-31	날짜 근사(월 단위)	UI없어서 필요없음	O
7.1.4	UI	대시보드/위젯	기존	2.3.3	실시간 렌더 타겟 UI 위젯 매핑 (CCTV 4분할 화면)	완료	4분할 카메라 화면 표시 완료.	guide/quadcam_usage_guide.md	2026-06-24	2026-06-24			O
7.1.5	UI	대시보드/위젯	기존	2.3.5	배터리/신호 세기/상태 인디케이터 바인딩 로직	완료	배터리·신호 세기·상태 표시 연동 완료.	ui/kadex_test_dashboard_wbp_spec.md	2026-08-01	2026-08-31	날짜 근사(월 단위)	중요도 낮음	O
7.1.6	UI	대시보드/위젯	기존	2.3.6	시스템 알람(7초 깜빡임) 위젯 및 큐 관리	완료	시나리오 시작·종료 시 화면에 알림을 띄우는 기능.	ui/kadex_test_dashboard_wbp_spec.md	2026-08-01	2026-08-31	날짜 근사(월 단위)	시나리오 시작,끝 알람	O
7.1.7	UI	대시보드/위젯	기존	2.3.7	HUD 오버레이(방위/고도/거리) 시각화	완료	방위·고도·거리 표시 완료.	ui/kadex_test_dashboard_wbp_spec.md	2026-08-01	2026-08-31	날짜 근사(월 단위)		O
7.1.8	UI	대시보드/위젯	기존	2.3.8	UI 입력 포커스 관리(조이스틱 ↔ 마우스)	완료	조이스틱과 마우스 사이 입력 우선순위 관리.	ui/kadex_test_dashboard_wbp_spec.md	2026-08-01	2026-08-31	날짜 근사(월 단위)		?
7.1.9	UI	대시보드/위젯	기존	2.3.9	멀티 모니터 출력 및 해상도 대응 로직	완료	화면을 2개의 별도 창으로 분리해 각각 전체화면으로 띄울 수 있게 했다.	2026-09-01_kadex_progress_report.md §2	2026-08-01	2026-08-31	날짜 근사(월 단위)		O
7.1.10	UI	대시보드/위젯	기존	2.3.10	한글/영문 다국어 처리 시스템	폐기/불필요	불필요. 다국어 요구사항이 없다(한글 단일).	-				요구사항 생기면 적용	O
7.1.11	UI	대시보드/위젯	신규		현행 대시보드 위젯 3종 스펙 (UGV 테스트 / 자체방호 / 축 선택)	완료	현재 실사용 중인 화면 3종(차량 상태, 지휘소, 실행 시 축 선택)의 구성과 수정 이력.	ui/kadex_test_dashboard_wbp_spec.md	2026-08-10	2026-08-31			
7.1.12	UI	대시보드/위젯	신규		고도/속도 라인 그래프 곡선 후처리	완료	고도·속도 그래프가 구간마다 선 두께가 다르고 삐죽거리던 문제. 원인이 둘이었고 하나는 데이터가 아니라 화면에 점이 너무 촘촘해 선이 겹쳐 보이는 것이었다 — 값을 부드럽게 만들어도 없어지지 않는 종류다.	ui/2026-09-04_line_graph_curve_smoothing.md	2026-09-04	2026-09-04			
7.1.13	UI	대시보드/위젯	신규		축 선택 화면 운용자 친화 개편	진행중	목표는 '처음 보는 사람이 설명서 없이 실행할 수 있게' 하는 것. 실수하기 쉬운 입력 방식을 고치고, 입력값을 저장하고, 이 PC의 주소를 표시하고, 도움말과 실행 전 점검을 넣었다.	ui/2026-09-10_axis_selection_operator_ux.md	2026-09-10	2026-09-18	구현 마무리 대기		
7.2	UI	미니맵	L2		미니맵								
7.2.1	UI	미니맵	기존	1.3.8	수신 데이터에 따른 미니맵 마커 동적 생성 로직	완료	외부에서 받은 좌표를 미니맵에 표시한다(경로점 포함).	ui/kadex_test_dashboard_wbp_spec.md	2026-08-01	2026-08-31	날짜 근사(월 단위)	Waypoint 도 지원예정	O
7.2.2	UI	미니맵	기존	2.2.10	실시간 주행 경로 미니맵 표시	완료	차량이 지금 어떤 경로로 가는지 미니맵에 실시간으로 그려 보여준다.	-			디자인 개선 필요	확인필요	X
7.2.3	UI	미니맵	기존	2.3.4	동적 미니맵 시스템 (Top-Down 카메라 연동)	완료(구현방식 확정)	실시간 촬영 방식 대신 위성지도 이미지 기반으로 확정했다(성능과 가독성 때문).	ui/kadex_test_dashboard_wbp_spec.md, ui/2026-09-10_minimap_truck_marker_heading_offset.md	2026-08-01	2026-09-10	날짜 근사(월 단위)	편의상 구글맵 사용	O
7.3	UI	인게임 Settings	L2		인게임 Settings								
7.3.1	UI	인게임 Settings	신규		인게임 설정 화면 — 조작키 재매핑 탭	완료	운영체제나 조이스틱 기종이 무엇이든 실행 파일에서 조작키를 직접 바꿀 수 있게 했다 — 현장에 어떤 장비가 준비되든 대응하기 위한 것이다. 엔진 기본 기능은 '미리 정해둔 자리의 키만 교체'하는 구조라 새 버튼을 추가할 수 없어 직접 만들었다.	ui/ingame_settings_input_system.md	2026-08-21	2026-08-21			
7.3.2	UI	인게임 Settings	신규		인게임 설정 화면 — 그래픽 품질 탭 (실행 중 변경 지원)	진행중	그래픽 품질을 게임 안에서 조절할 수 있게 했다. 핵심은 실행 중 품질 변경을 처음으로 가능하게 만든 것이다 — 그전까지는 품질 설정이 파일에 고정돼 있어 바꿔도 아무 일도 일어나지 않았다. 설정을 한 곳에서만 관리하도록 바꿔 개발 환경과 실제 빌드가 항상 같은 값을 읽는다. 부수적으로 윈도우와 리눅스의 반사 방식이 서로 다르던 것, 리눅스 납품 빌드에만 조명 튜닝이 빠져 있던 것도 해소했다.	ui/graphics_settings_analysis.md, ui/2026-09-10_graphics_settings_implementation.md	2026-08-21	2026-09-18	배포 패키지 실측 대기		
8	품질/배포		L1		품질/배포								
8.1	품질/배포	성능 최적화	L2		성능 최적화								
8.1.1	품질/배포	성능 최적화	기존	4.1.1	렌더 타겟(CCTV) 해상도 최적화 및 프레임 드랍 방지	진행중	송출 화면 해상도 지정과 카메라 촬영 주기 분산은 완료했다. 전체 최적화와 리눅스 최적화는 계속 진행 중이며, 9월에 그래픽 품질 설정 화면이 생기면서 현장에서 조절할 수 있는 항목이 크게 늘었다.	rtsp/rtsp_resolution_customization_0820.md, ui/2026-09-10_graphics_settings_implementation.md, ui/graphics_settings_analysis.md	2026-08-20	2026-09-18	진행중 — 완료일은 갱신일(2026-09-18)	리눅스 최적화및 전체 최적화 진행중	O
8.1.2	품질/배포	성능 최적화	기존	4.1.2	C++ 프로파일러를 통한 병목 코드(Tick 함수 등) 개선	진행중	성능 병목을 실측으로 찾아 개선하는 작업. 9월에 병사 시스템 쪽에서 큰 성과가 있었다. 시뮬레이션 배속이 안 되는 원인을 조사한 기록은 별도 항목에 있다.	infra_architecture/2026-09-16_slomo_physics_dt_clamp_investigation.md	2026-09-16	2026-09-18	진행중 — 완료일은 갱신일(2026-09-18)	진행중	O
8.1.3	품질/배포	성능 최적화	기존	4.1.3	NavMesh 계산 부하 및 가시성(Culling) 최적화	완료(구현방식 확정)	실측 결과 길찾기는 병목이 아니었고, 실제 원인은 나무 수만 그루가 거리에 상관없이 매 프레임 바람 계산을 하던 것이었다 — 초당 2.3프레임에서 31프레임으로 회복했다. 항목의 전제 자체가 실제 원인과 달랐다.	level_new_kadex_0811/new_kadex_0811_forest_perf.md	2026-08-22	2026-08-22		부하없음	O
8.1.4	품질/배포	성능 최적화	기존	4.1.4	외주 에셋(LOD) 적용 및 텍스처 스트리밍 최적화	완료(구현방식 확정)	외주 나무 에셋은 원래 거리별 저해상도 모델을 사람이 여러 단계로 만들어 끼우는 방식이었는데, 소나무는 단계가 바뀌는 순간 모양이 눈에 띄게 튀고 자동 단순화로는 품질이 나오지 않아 막혀 있었다. 숲 전체를 엔진의 신형 지오메트리 방식(나나이트)으로 교체해 이 문제를 구조적으로 해결했다 — 엔진이 화면에 보이는 크기에 맞춰 형상 정밀도를 자동으로 고르기 때문에 사람이 단계를 만들 필요도, 단계가 바뀌며 튀는 현상도 없어졌다. 텍스처는 화면에 필요한 만큼만 메모리에 올리도록 상한을 걸어 그래픽 메모리 부족 문제를 함께 잡았다.	nanite/2026-09-28_forest_nanite_foliage_migration.md, nanite/2026-09-28_nanite_deep_dive_project_impact.md	2026-09-28	2026-09-28	수동 LOD 제작이 아니라 신형 지오메트리 전환으로 해결	LOD 작업 필요	X
8.1.5	품질/배포	성능 최적화	기존	4.1.5	메모리 누수 점검 (소켓 해제, 포인터 관리)	미착수	미착수. 추후 예정.	-				추후예정	X
8.1.6	품질/배포	성능 최적화	기존	4.1.6	시나리오 예외 케이스(조이스틱 연결 해제 등) 대응 로직 점검	완료	조이스틱 연결이 끊기는 등 예외 상황 대응 점검 완료.	-	2026-08-01	2026-08-31	날짜 근사(월 단위)	중요도낮음	O
8.1.7	품질/배포	성능 최적화	기존	4.1.7	셰이더 컴파일 최적화 및 런타임 성능 안정화	완료	셰이더 컴파일과 실행 중 성능 안정화 완료.	-	2026-08-01	2026-08-31	날짜 근사(월 단위)		O
8.1.8	품질/배포	성능 최적화	기존	4.1.8	UI 위젯 렌더링 부하 최적화 (Invalidation Box 적용)	완료	화면 UI 갱신 부하 최적화 완료.	-	2026-08-01	2026-08-31	날짜 근사(월 단위)		O
8.1.10	품질/배포	성능 최적화	신규		병사 AI 성능 계측 체계 + 엄폐 계산 비용 개선 (8.9 → 1.9 ms)	완료	병사 35명이 들어가면 프레임이 20~30까지 떨어졌지만, 엔진 기본 측정으로는 시간이 어디로 가는지 일부만 설명됐다. 그래서 시스템별 측정 지표와 개별 on/off 스위치를 먼저 심어 원인을 이름으로 특정한 뒤(엄폐 위치 계산이 프레임의 3분의 1) 그 부분만 고쳤다 — 계산 결과는 그대로 유지하면서 불필요한 반복을 줄이는 방식이라 AI 거동은 변하지 않는다. '먼저 재고, 확인하고, 그다음 고친다'는 순서를 규약으로 남겼다.	soldier_ai_lab/ai/2026-09-21_perf_instrumentation_and_cover_cost.md	2026-09-21	2026-09-21
8.1.11	품질/배포	성능 최적화	신규		병사 AI 성능 최적화 2라운드 (프레임 시간 22.6 → 11~14 ms)	완료	계측으로 이름이 붙은 항목들을 순서대로 걷어내 프레임 시간을 절반 이하로 줄였다(교전 중 50프레임대 후반). 진단용 카메라 제거, 탄을 매번 새로 만들지 않고 돌려 쓰기, 병사끼리 서로를 무시하는 판정을 매번 반복하지 않게 하기 등. 엔진이 제공하는 애니메이션 자동 감축 기능은 병사 자세를 깨뜨려 폐기했다.	soldier_ai_lab/ai/2026-09-21_game_thread_batch_cameras_abp_muzzle.md, soldier_ai_lab/ai/2026-09-21_game_thread_structural_pool_rays_bridge.md	2026-09-21	2026-09-21	추가 최적화 후보 남음
8.2	품질/배포	패키징/배포/UAT	L2		패키징/배포/UAT								
8.2.1	품질/배포	패키징/배포/UAT	기존	4.2.1	전 시나리오(#4-1 ~ #4-8) 풀 시퀀스 반복 테스트	진행중	시나리오 전체를 반복 실행하며 레벨과 타이밍을 점검한다. 9월 하순부터는 무인 반복 실행이 이 역할을 대신한다 — 12시간 85사이클, 2대 PC 8.7시간 59사이클을 완주했다.	level_new_kadex_0811/2026-09-01_scenario_run_modes_demo_fullsystem.md				보면서 고치는중	O
8.2.2	품질/배포	패키징/배포/UAT	기존	4.2.2	최종 실행 파일(Shipping Build) 생성 및 배포	진행중	납품물은 리눅스 패키지이며 현재는 개발 빌드로 배포·테스트 중이다. 9월에 패키징 절차를 정비했다 — 빌드가 실패하던 원인 규명, 리눅스 환경 자동 판별을 패키지에 내장, 그래픽 드라이버 호환 범위 확대. 다만 패키지가 특정 라이브러리에 강하게 묶여 있어 그것이 없는 PC에서는 실행 자체가 안 되는 문제가 남아 있다.	packaging/kadex_0915_패키징_실행가이드.md, packaging/2026-09-02_linux_package_ugv_host_rc_test_guide.md, packaging/2026-09-15_linux_cook_failed_mcp_port_clash.md, packaging/2026-09-15_new_laptop_linux_packaging_setup.md	2026-09-02	2026-09-18	진행중 — 완료일은 갱신일(2026-09-18)	DevelopmentBuild사용	O
8.2.3	품질/배포	패키징/배포/UAT	기존	4.2.3	사용자 수락 테스트(UAT) 및 수정 사항 반영	진행중	외부 테스터 실행에서 리눅스 실행 환경 문제 2건이 확인돼 반영했고, 발주처 테스트에서는 그래픽 드라이버 버전 불일치로 영상이 나오지 않는 문제를 찾아 대응했다. 대응 패키지 재발송 대기 중이다.	packaging/2026-09-02_linux_package_ugv_host_rc_test_guide.md §7-1, rtsp/2026-09-15_lig_rtsp_describe_timeout_analysis.md, packaging/2026-09-15_linux_nvidia_driver_595_run_install.md	2026-09-03	2026-09-18	진행중 — 완료일은 갱신일(2026-09-18)	윤건희팀장님이 테스트예정	O
8.2.4	품질/배포	패키징/배포/UAT	신규		리눅스 패키지 + 통제기 연동 테스트 절차 + 배포용 실행 가이드	완료	패키지 하나만 넘겨서, 받는 쪽이 주소를 입력하고 통제기와 연결되는지 확인하는 절차를 문서화했다. 외부 테스터 실행에서 발견된 실행 환경 의존성 문제도 함께 정리돼 있다.	packaging/2026-09-02_linux_package_ugv_host_rc_test_guide.md, packaging/kadex_0915_패키징_실행가이드.md, packaging/kadex_0902_패키징_실행가이드.md	2026-09-02	2026-09-15			
8.2.5	품질/배포	패키징/배포/UAT	신규		리눅스 실행 환경 자동 판별을 패키지에 내장	완료	리눅스 환경마다 실행 방식이 달라 별도 스크립트를 같이 보내야 했던 것을, 패키징할 때 자동으로 포함되게 만들었다 — 받는 쪽은 실행 파일 하나만 실행하면 된다.	packaging/2026-09-02_linux_package_ugv_host_rc_test_guide.md §2-5/§7-1	2026-09-04	2026-09-15			
8.3	품질/배포	개발 도구/인프라	L2		개발 도구/인프라								
8.3.1	품질/배포	개발 도구/인프라	기존	1.3.5	실시간 데이터 로깅(Log) 및 파일 저장 시스템	완료(구현방식 확정)	요구사항에 있던 항목은 아니지만 무인 반복 실행이 필요해져 우리 쪽에서 만들었다 — 시나리오 진행 타임라인과 사건을 엔진 로그와 분리된 별도 파일에 남긴다. 12시간을 돌리면 엔진 로그에 묻혀 찾을 수 없기 때문이다. 두 PC 구성에서는 양쪽 기록을 시간으로 대조할 수 있다.	level_new_kadex_0811/2026-09-22_scenario_flow_log_and_failsafe.md	2026-09-22	2026-09-28	진행현황 5.1.15가 본체 — 여기는 원본 WBS 대응 행	확인필요	X
8.3.2	품질/배포	개발 도구/인프라	기존	3.3.7	시나리오 타임라인 추적 및 통계 데이터 생성	완료(구현방식 확정)	요구사항에 있던 항목은 아니지만 무인 반복 실행을 위해 만들었다 — 사이클마다 소요 시간·완주 여부·안전장치 개입 횟수·평균 프레임·객체 수를 한 줄로 쌓는다. 이 통계가 실제로 세 가지를 잡아냈다: 프레임이 떨어지면 시나리오 자체가 느려지는 것, 안전장치 문턱값 조정, 그리고 서서히 쌓이던 메모리 누수. 원본 항목이 겨냥했을 '시연 결과 리포트'와는 목적이 다르다.	level_new_kadex_0811/2026-09-22_scenario_flow_log_and_failsafe.md	2026-09-22	2026-09-28	진행현황 5.1.15가 본체; 오프라인 리포트 스크립트는 잔여과제	요구사항 확인필요	X
8.3.3	품질/배포	개발 도구/인프라	기존	3.4.7	시나리오 종료 후 결과 데이터 리포트 생성 기능	폐기/불필요	불필요. 요구사항에 없다(무인 실행용 통계 기록은 별도 항목으로 구현했다).	-				요구사항에 없음	O
8.3.4	품질/배포	개발 도구/인프라	신규		리플레이 녹화·재생 도구 — 6분 시나리오를 반복 확인하는 디자이너용 도구	완료	6분짜리 시나리오를 반복 확인하기 위해, 실행을 녹화해 되돌려 볼 수 있는 디자이너용 도구를 만들었다 — 자동 녹화, 타임라인 이동, 배속, 카메라 전환. 엔진 기본 되감기 기능은 이펙트와 소리가 재생되지 않아 채택하지 않았다. 이 도구로 다른 PC에서만 나타나는 결함 4건을 찾아냈다.	replay_chronicle/2026-09-16_chronicle_replay_plugin.md, replay_chronicle/2026-09-17_replay_respawn_and_physics_proxy_fixes.md	2026-09-16	2026-09-17			
8.4	품질/배포	문서	L2		문서								
8.4.1	품질/배포	문서	기존	3.4.10	통합 연동 문서화 및 인터페이스 정리	진행중	통신 규격과 시스템 구조를 문서로 정리하고 발주처 공유용 가이드도 작성했다. 내부 문서 체계 재편은 별도 항목이다.	DOCS_INDEX.md, rtsp/rtsp_client_reception_guide.md, packaging/	2026-08-31	2026-09-18	진행중 — 완료일은 갱신일(2026-09-18)	md파일로 작성중	O
8.4.2	품질/배포	문서	기존	4.2.4	최종 기술 매뉴얼(API/통신 규격) 작성	진행중	기술 문서는 작성돼 있고, 대외 공유용으로 더 읽기 쉽게 다시 쓰는 작업이 남았다.	packaging/, rtsp/rtsp_client_reception_guide.md				md파일 좀더 쉽게 작성예정	O
8.4.3	품질/배포	문서	기존	4.2.5	프로젝트 아카이브 및 개발 완료 보고	진행중	소스는 버전 관리로 관리 중이며, 완료 보고는 시연 이후다.	-				퍼포스로 관리	O
8.4.4	품질/배포	문서	신규		프로젝트 문서 체계 재편 (1단계 구조 재편)	진행중	여러 작업자가 각자 문서를 만들면서 폴더가 뒤섞인 문제를 정리했다 — 시스템 하나당 폴더 하나, 작성 규칙, 전체 목록, 현재 상태 스냅샷, 시간순 기록. 개별 문서 내용 최신화는 남았다.	DOCS_INDEX.md, CURRENT_STATE.md, WORKLOG.md	2026-08-31	2026-09-18	2단계(레퍼런스 문서 최신화) 미착수		
8.4.5	품질/배포	문서	신규		진행현황 보고·관리 체계 — 제출용 보고서 + 진행현황 표(이 문서)	진행중	분야별 현황 보고서와 이 진행현황 표. 2026-05 일정표(상세설계서만 보고 작성된 것)를 실제 개발 내용과 대조해 다시 만들고, 이후 분류를 시스템 기준으로 재설계했다.	2026-09-01_kadex_progress_report.md, progress/README.md	2026-09-01	2026-09-18			
