구분	과제	상태	비고	근거문서
검증 대기(즉시 가능)	자체방호축 카메라 떨림·발사 반동 누출 버그 2건 2대 PC 검증	코드 완료 / 검증 대기	Tailscale 또는 사내 네트워크 2대 PC 구성으로 지금 진행 가능. 빌드·실측만 남음. 09-15 드론 2PC 검증 때 같이 안 봄.	rcws/2026-08-31_selfdefense_camera_shake_bugs.md §3
검증 대기(즉시 가능)	09-17 리플리케이션 수정 3건 2-PC 실기 재검증	리플레이 검증 완료 / 실기 대기	적군 걷기/뛰기 애니메이션, 피격 흔들림, 사망 래그돌+총 낙하. 리플레이에선 검증됐고 이론상 동일하지만 8월처럼 BP 사각지대가 또 있을 수 있음. 수정분 P4 제출도 아직.	replication/2026-09-17_enemy_anim_death_replication_gaps.md §6
검증 대기(즉시 가능)	RCWS 청각 보조 풀 빌드 + PIE 검증	코드 완료 / 빌드 전	새 UPROPERTY/UENUM/USTRUCT라 에디터 닫고 풀 빌드(Live Coding 금지). 검증: 총성 후 스윕이 그 방향으로, 시각 우선, 아군 사격/50m 밖 무반응(반경은 09-21에 25→50m로 확정), 4초 만료 후 블렌드 아웃. 09-16 타겟 기억/부위 조준 세부 검증(머리만 나온 적 획득·재출현 즉시 재획득·전방 45° 우선·트럭 동일)도 같은 PIE에서.	rcws/2026-09-17_rcws_gunfire_hearing.md, rcws/2026-09-16_rcws_target_memory_and_body_part_aim.md
검증 대기(즉시 가능)	UGV 자율주행 4차 실주행 검증 (브레이크 조향)	3차까지 실주행 / 4차 대기	3차에서 비례 브레이크는 확인, 브레이크 조향은 게이트가 네트워크 예측 전용 멤버라 안 걸렸음 → 수정 후 4차. 커브 튜닝값은 4차 이후에.	vehicle/ugv/2026-09-16_ugv_chaos_brake_proportional_and_brake_steer.md
검증 대기(즉시 가능)	UGV 자율주행 튜닝 오버레이 빌드/실동작 확인	코드 작성됨 / 미빌드	콘솔 UGV.Tuning 1, WBP 없이 동작.	CURRENT_STATE.md §11
검증 대기(즉시 가능)	Graphics 탭 패키지 실측	구현 완료 / 패키지 미확인	VSync는 에디터에서 구조적으로 안 먹으니 패키지에서만 확인 가능. 반사 SSR 통일 + Lumen 튜닝 공통화로 바뀐 Linux 룩 확인. 나무 WPO/LOD 값이 실측 fps 곡선대로 움직이는지.	ui/2026-09-10_graphics_settings_implementation.md
검증 대기(즉시 가능)	SoldierLab 분대 명령 층 — New_kadex_0811 2차 PIE	코드·빌드 완료 / 판정 대기	3분대가 Squad3Run 뒤 진짜 도주하는가(엄폐 홉 0) · UGV가 제외된 분대를 안 쏘는가 · 아군 표적에 3분대 없음 · 트럭 사격 → 응사 → 완료. 구 '적 3분대 재편 PIE 재검증'은 09-21 SoldierLab 교체로 대체돼 제거.	진행현황 4.4.4, soldier_ai_lab/squad/2026-09-21_break_contact_and_targeting_exclusion.md [C-163]
검증 대기(즉시 가능)	적 낙하산 숨김 리플리케이션 확인	미확인	낙하산(SM_Parachute) 숨김이 로컬이라 착지 후 녹화 시작 시 리플레이에 남음 — 2PC 늦은 접속 클라에서도 같을 가능성. 09-17에 같은 가설로 찾은 4건이 전부 실제 결함이었으니 이것도 그럴 가능성 높음. 09-17에도 안 봄.	replay_chronicle/2026-09-16_chronicle_replay_plugin.md §4-2
검증 대기(즉시 가능)	자체방호축 6스트림 정밀 지연 재측정	미실시	UGV축은 실측 완료(68ms). 같은 절차로 지금 진행 가능.	CURRENT_STATE.md §3
검증 대기(현장 조건 필요)	시연 현장 조이스틱 기종 검증	현장 장비 확정 후 가능	리눅스 조이스틱 지원은 2026-08-21에 해결 완료(SDL2/SDL3 심볼 충돌). 다만 실기 검증은 Logitech Extreme 3D Pro 1종뿐이라 다른 기종은 장비가 정해져야 확인 가능. 구조상 실패 가능성은 낮게 보고 있고, 안 맞을 경우 인게임 Settings의 Input 탭에서 재매핑하는 것이 대응책.	WBS 1.2.1, ui/ingame_settings_input_system.md §0
검증 대기(현장 조건 필요)	시연 현장 네트워크에서 RTSP 지연·리플리케이션 동기화 재측정	현장 환경 확정 후 가능	지금까지의 측정(RTSP 68ms, 2대 PC 동기화)은 Tailscale / 사내 네트워크 경유 기준. 현장 네트워크의 대역폭·지연·방화벽 구성이 다르면 결과가 달라질 수 있음.	WBS 3.4.4, 3.4.5, rtsp/rtsp_latency_investigation.md, replication/replication_audit.md
검증 대기(현장 조건 필요)	시연 PC 하드웨어·드라이버 환경 확인	일부 실제 발생 / 대응 완료	리눅스 패키지가 GStreamer/NVIDIA 라이브러리와 Vulkan ICD에 하드 의존하므로 현장 PC 사양이 정해지면 실행 가능 여부를 먼저 확인해야 함. 09-15에 실제로 LIG PC(드라이버 595.84)에서 RTSP 불통 발생 → NVENC SDK 13.0.37로 내려 대응, 드라이버 570 미만이면 RTSP만 안 됨(프로세스는 뜸). 시연 PC가 따로 정해지면 같은 확인 필요.	packaging/2026-09-02_linux_package_ugv_host_rc_test_guide.md §3-1, §7-1, rtsp/2026-09-15_lig_rtsp_describe_timeout_analysis.md
구현 대기	구 AUAVPawn/BP_UAV + 시나리오 폴백 분기 제거	착수 가능	드론 2대 PC 검증(09-15)이 끝나 착수 가능해짐.	CURRENT_STATE.md §9
구현 대기	드론 경로 고도 상향 / 도주 시작 장면 프레이밍 개선	미착수	부감이 선호 범위 -45~-60°를 못 채움(교전 반경 R 대비 R×1.0~1.25 위가 기준). 4단계 대상이 33개라 도주하는 적이 점으로 보임.	CURRENT_STATE.md §9
검증 대기(즉시 가능)	시나리오 재시작 — 드론 짐벌 배율·상태 패널 수정 2회차 확인	코드 완료 / 빌드 전	재시작 자체는 단일·2-PC 모두 완료. 뒤늦게 잡은 드론 짐벌 배율 리셋과 상태 패널 누적값(배터리/비행시간/주행거리) 초기화는 다음 빌드에 들어감 — 2회차에서 배터리 100% · 비행시간 0 · 주행거리 0 · 짐벌 배율 초기값으로 시작하는지 확인.	진행현황 5.1.14, level_new_kadex_0811/2026-09-22_scenario_restart_implementation.md §5
검증 대기(즉시 가능)	RCWS 도탄 누수 수정 확인 (빌드 후 2-PC 한 판)	코드 완료 / 빌드 전	로그의 RCWS 투사체 열이 평평해지면(차량당 고정값 근처) 누수 종결. SoldierLab 쪽 풀 곡선이 상한에서 멈추는지도 같이 볼 것. 클라 fps 하락(32.5→29.6)이 이 누수 때문이었는지도 여기서 갈림.	진행현황 5.1.16, level_new_kadex_0811/2026-09-22_scenario_flow_log_and_failsafe.md §9.2
구현 대기	DT 전체에서 단일 트리거 의존 스텝 정리	미착수	사다리 fail-safe는 1·3분대 병목만 다뤘음. 낙하산 관측·UGV 도착처럼 트리거 하나에만 의존하는 스텝(단일 실패점)을 DT 전체에서 훑어 보강. 사용자 메모(09-22)에서 나온 항목.	level_new_kadex_0811/2026-09-22_scenario_flow_log_and_failsafe.md §6
구현 대기	무인 실행 후속 — Chronicle 사이클 단위 녹화 분할 · 오프라인 리포트 스크립트	미착수	10시간 단일 리플레이 파일의 용량/스크럽 문제를 피하려면 재시작마다 파일을 나누고 이름에 사이클 번호를 넣어야 함(로그의 사이클+경과초로 바로 열리는 구조). 로그를 사이클 표·이상 목록으로 바꾸는 스크립트도.	level_new_kadex_0811/2026-09-22_scenario_flow_log_and_failsafe.md §6
검증 대기(즉시 가능)	SoldierLab 무기 드롭 재빌드 실측	코드 완료 / 첫 빌드에서 안 떨어짐	화면의 총은 스폰 액터가 아니라 캐릭터 컴포넌트 메시였음 — 컴포넌트 경로 추가 후 재빌드 필요. 로그의 held mesh 수가 1이어야 성공.	진행현황 4.3.14, soldier_ai_lab/ai/2026-09-23_corpse_vehicle_interaction_and_weapon_drop.md
검증 대기(즉시 가능)	SoldierLab 엣지 전진 PIE 판정	빌드됨 / 판정 미보고	CL에 포함돼 빌드됐으나 거동 판정이 아직 없음.	진행현황 4.3.11 [W95]
구현 대기(SoldierLab)	무기 BP 배선 2건 — 산포·조준 모드	미착수	AI가 계산한 사격 콘을 무기 BP가 아직 안 씀(고정 콘으로 발사), 캐릭터 BP의 aim 모드도 옛 판정을 먹임. 그 전엔 명중률·린 판정이 불가.	진행현황 4.3.11 [W93]
구현 대기(SoldierLab)	SoldierLab 오버레이 노출 보정 이관 (Squad/Pose/Weapons)	미착수	AI/ 폴더 24곳은 완료. 나머지 세 폴더는 각 세션 몫이며 그 전까지 EV10 레벨에서 검게 보임.	진행현황 4.3.12 [W97]
구현 대기(SoldierLab)	SoldierLab 성능 후속 (컴포넌트 틱 통합 · PreCMC 틱 C++ 이관 등)	미착수	World Tick 11~14ms까지 내린 뒤 남은 후보. 틱 함수가 아직 ≈600개.	진행현황 8.1.11 [W112][W115][W113][C-165]
구현 대기	차체↔래그돌 물리 접촉 (끼임·떨림) · FreezeCorpse가 바디를 안 재움	미착수	서스펜션이 시체를 지면으로 읽던 경로는 끊었으나 물리 접촉 자체는 남음. 후보 셋 다 트레이드오프가 있어 결정 필요(밀려나는 그림을 살리려면 접촉이 있어야 함).	진행현황 4.3.14 [W118]
구현 대기	축 선택 화면 운용자 UX — 빌드·WBP 작업	C++ 완료 / WBP 대기	-	ui/2026-09-10_axis_selection_operator_ux.md
구현 대기	UGV 서스펜션 후속 (댐핑비 인하, 휠 클래스 3분할, WheelLoadRatio)	미착수	우선순위 순: SuspensionDampingRatio 0.7→0.45~0.5, 휠 클래스 앞/중/뒤 3분할(안티롤바를 살리고 축별 스프링 분리), WheelLoadRatio 0.5→0.3.	vehicle/ugv/2026-09-10_ugv_0901_suspension_tuning.md §6
구현 대기	외주 에셋 LOD 적용 / 텍스처 스트리밍 최적화	미착수	소나무는 LOD3-4 경계 자동 감산에 한계 — 빌보드 임포스터 커스텀 제작이 근본 해결책이나 보류.	WBS 4.1.4, level_new_kadex_0811/2026-09-01_foliage_occlusion_ideas.md
구현 대기	메모리 누수 점검 (소켓 해제, 포인터 관리)	미착수	-	WBS 4.1.5
구현 대기	시스템 복구(Reset) 및 초기 상태 복원 검증	미착수	-	WBS 3.4.9
구현 대기	주행 경로 미니맵 투영	미착수	-	WBS 2.2.10
구현 대기	2·3차 전투지 추격 스플라인 추가	코드 준비됨 / 레벨 작업만 남음	-	vehicle/drone/2026-09-01_drone_replaces_bp_uav.md
구현 대기(SoldierLab)	SoldierLab 분대 명령 층 — 시험 레벨 완주	진행중	Z0 위치 결정 → L_SoldierScenario PIE 체크리스트 8단계 → 틱 순서 서명 시험 → MinStance titan DT 연결 → New_kadex_0811 재저작 → 2PC.	soldier_ai_lab/CURRENT_STATE.md, WORKLOG.md 다음 예정
구현 대기(SoldierLab)	SoldierLab 얇은 엄폐 A/B/C 빌드 + PIE	코드만 / 빌드 전	활동도 가중 은폐·미세 위치·코너 멈춤. 그 전에 실제 레벨 나무가 Sight 채널을 막는지 확인 필요.	soldier_ai_lab/ai/2026-09-18_patrol_scan_and_move_robustness.md
구현 대기(SoldierLab)	SoldierLab 상황 필드 값 43개 측정·판정	미측정	USoldierFieldSettings 값 전부 미측정. 오버레이 끈 채 셀 수가 후퇴전에서 병사 수 × ≈5천 안에 머무는지 등.	soldier_ai_lab/ai/2026-09-17_situation_field_lighting_model.md
구현 대기	리눅스 패키지 라이브러리 soft-fail (dlopen 전환)	미착수	현재는 GStreamer/NVIDIA .so가 DT_NEEDED라 없는 머신에서 프로세스가 즉시 종료됨. nouveau/Mesa 머신 실행 불가.	packaging/2026-09-02_linux_package_ugv_host_rc_test_guide.md §3-1
구현 대기	오프라인 리포트 스크립트 (로그 → 사이클 표·이상 목록·기준선 편차)	미착수	로그 수집·통계는 09-22 흐름 로그로 끝났고(진행현황 8.3.1·8.3.2), 사람이 읽는 리포트로 바꾸는 부분만 남음.	level_new_kadex_0811/2026-09-22_scenario_flow_log_and_failsafe.md §6
구현 대기	RCWS 조이스틱 데드존 적용	미착수	드론 스틱에만 StickDeadzone(0.06)이 있고 RCWS 조작엔 데드존·비선형 보정 없음. 현장 조이스틱 기종에 따라 중립 드리프트가 있을 수 있음.	진행현황 1.3.6 (기존WBS 1.2.7)
성능/품질	전체 성능 최적화 지속	진행중	초기 프레임 폭락 등 발견된 병목은 해결. 프로파일링을 통한 병목 코드 개선 계속.	WBS 4.1.1, 4.1.2
성능/품질	레벨 세부 점검 지속	진행중	신규 시연 레벨의 시나리오 흐름에 맞춰 적/아군 배치, 경로, 지형을 계속 점검·수정.	2026-09-01_kadex_progress_report.md
정리	언리얼 에셋/코드 정리 (레거시 BP, 폴더 구조)	미착수	-	WBS 1.1.6, CURRENT_STATE.md §11
정리	guide/ 레퍼런스 문서 내용 최신화 (문서 정리 2단계)	미착수	폴더 구조 재편은 완료, 내용은 아직 옛날 것. 시스템별로 별도 세션 필요.	CURRENT_STATE.md §10
정리	RCWSPreviewActor 하드코딩 에셋 경로 정리	미착수	-	rcws/rcws_preview_actor_asset_ref_todo.md
대외	LIG 후속 질문 3건 + 회신 2건 발송	작성 완료 / 발송 대기	ObjectClass는 질문이 아니라 결정 통보(구현은 이미 완료).	protocol/lig_questions_0816.md §1, §5
대외	LIG에 595.84 대응 리눅스 패키지 재발송	패키지 준비됨 / 발송 대기	SDK 13.0.37 빌드 + kadex_0915_패키징_실행가이드.md. 09-02 전달분은 LIG PC에서 RTSP 불통.	rtsp/2026-09-15_lig_rtsp_describe_timeout_analysis.md "남은 일"
대외	09-17 리플리케이션 수정분 P4 제출	미제출	EnemyCombatComponent, ScenarioStateSubsystem, Chronicle 소스, BP_Enemy_Base/BP_ThirdPersonCharacter/BP_Enemy_kadex 체크아웃 상태. 09-16분(Chronicle+RtspAxisGate)은 CL486 제출됨.	WORKLOG.md 2026-09-17
미해결 버그	UGV 안티롤바 0	미해결	RollbarScaling=0.15가 설정돼 있지만 엔진이 축을 휠 클래스 기준으로 묶는 탓에 6륜이 한 축이 되고 롤바 코드가 축당 휠 2개만 처리해서 스킵. 한쪽 바퀴만 장애물을 타면 차체가 복원력 없이 기움. 휠 클래스 3분할이 해결책(위 구현 대기 항목).	vehicle/ugv/2026-09-10_ugv_0901_suspension_tuning.md §3/§6
미해결 버그	살아있는 적이 이동 중 피격되면 몸이 회전하는 현상	보류 (재현 실패)	후보 2개를 세워 진단 로그로 실측했으나 두 차례 모두 재현 실패. 재발 시 재개.	ai_combat/2026-09-01_enemy_spin_on_hit_investigation.md
미해결 버그	버스트 사격 중 사격선(아군 관통) 재검사 없음	미해결	사격 시작 시점에만 검사하고 버스트 도중에는 재검사하지 않음.	ai_combat/2026-09-03_enemy_combat_fixes.md
